Year,Location #,Location Name,Latitude,Longitude,AM/PM,Pedestrian Count,Unnamed Column,Unnamed Column 1
2022,1,Webster Ave & Prospect St,42.37698095,-71.09558138,AM,226,,
2022,1,Webster Ave & Prospect St,42.37698095,-71.09558138,PM,256,,
2022,2,Washington St & Somerville Ave,42.37964074,-71.09641999,AM,585,,
2022,2,Washington St & Somerville Ave,42.37964074,-71.09641999,PM,634,,
2022,3,Somerville Ave & Prospect St,42.37909418,-71.09410547,AM,331,,
2022,3,Somerville Ave & Prospect St,42.37909418,-71.09410547,PM,421,,
2022,4,Somerville Ave & Elm St,42.38551922,-71.11347413,AM,218,,
2022,4,Somerville Ave & Elm St,42.38551922,-71.11347413,PM,314,,
2022,5,Medford St & Broadway,42.39733605,-71.10430319,AM,144,,
2022,5,Medford St & Broadway,42.39733605,-71.10430319,PM,251,,
2022,6,Willow Ave & Elm St,42.39131962,-71.11874806,AM,191,,
2022,6,Willow Ave & Elm St,42.39131962,-71.11874806,PM,266,,
2022,7,Community Path & Grove St,42.39627069,-71.1201391,AM,386,,
2022,7,Community Path & Grove St,42.39627069,-71.1201391,PM,673,,
2022,8,Community Path & Cedar St,42.39399986,-71.11109026,AM,408,,
2022,8,Community Path & Cedar St,42.39399986,-71.11109026,PM,543,,
2022,9,Community Path & Buena Vista Rd,42.3972798,-71.12462236,AM,295,,
2022,9,Community Path & Buena Vista Rd,42.3972798,-71.12462236,PM,271,,
2022,10,College Ave & Powder House Circle,42.40135813,-71.11679109,AM,190,,
2022,10,College Ave & Powder House Circle,42.40135813,-71.11679109,PM,420,,
2022,11,Holland St & Cameron Ave,42.40105859,-71.12618323,AM,290,,
2022,11,Holland St & Cameron Ave,42.40105859,-71.12618323,PM,470,,
2022,12,Broadway & McGrath Hwy,42.38968478,-71.08814248,AM,127,,
2022,12,Broadway & McGrath Hwy,42.38968478,-71.08814248,PM,167,,
2022,13,Somerville Ave & Beacon St,42.38691747,-71.11617819,AM,273,,
2022,13,Somerville Ave & Beacon St,42.38691747,-71.11617819,PM,393,,
2022,14,Concord Ave & Beacon St,42.37510621,-71.10251332,AM,205,,
2022,14,Concord Ave & Beacon St,42.37510621,-71.10251332,PM,387,,
2022,15,Washington St & Beacon St,42.37828401,-71.10636097,AM,352,,
2022,15,Washington St & Beacon St,42.37828401,-71.10636097,PM,495,,
2022,16,College Ave & Winter St,42.3970365,-71.12197029,AM,497,,
2022,16,College Ave & Winter St,42.3970365,-71.12197029,PM,736,,
2022,17,Community Path & Willow Ave,42.39520651,-71.11606173,AM,391,,
2022,17,Community Path & Willow Ave,42.39520651,-71.11606173,PM,759,,
2022,18,Cedar St & Summer St,42.39047926,-71.11361641,AM,266,,
2022,18,Cedar St & Summer St,42.39047926,-71.11361641,PM,267,,
2022,19,Washington St & Inner Belt Rd,42.38203537,-71.08153205,AM,167,,
2022,19,Washington St & Inner Belt Rd,42.38203537,-71.08153205,PM,219,,
2022,20,Highland Ave & Walnut St,42.38514096,-71.0941689,AM,217,,
2022,20,Highland Ave & Walnut St,42.38514096,-71.0941689,PM,119,,
2022,21,Rt. 28 Bridge & Shore Dr,42.39828294,-71.08448496,AM,103,,
2022,21,Rt. 28 Bridge & Shore Dr,42.39828294,-71.08448496,PM,239,,
2022,22,Powder House Blvd & North St,42.40736195,-71.13028673,AM,151,,
2022,22,Powder House Blvd & North St,42.40736195,-71.13028673,PM,130,,
2022,23,Medford St & South St,42.37415665,-71.08805346,AM,117,,
2022,23,Medford St & South St,42.37415665,-71.08805346,PM,196,,
2022,24,Joy St & Washington St,42.38066714,-71.0885851,AM,100,,
2022,24,Joy St & Washington St,42.38066714,-71.0885851,PM,185,,
2022,25,Highland Ave & Lowell St,42.39020629,-71.10795623,AM,236,,
2022,25,Highland Ave & Lowell St,42.39020629,-71.10795623,PM,251,,
2022,26,Broadway & Lombardi Way,42.38622767,-71.07881042,AM,221,,
2022,26,Broadway & Lombardi Way,42.38622767,-71.07881042,PM,344,,
2022,27,Broadway & Boston Ave,42.39966806,-71.11146775,AM,148,,
2022,27,Broadway & Boston Ave,42.39966806,-71.11146775,PM,234,,
2022,28,Broadway & Holland St,42.40304744,-71.1269899,AM,306,,
2022,28,Broadway & Holland St,42.40304744,-71.1269899,PM,631,,
2022,29,Broadway & Alewife Brook Pkwy,42.40688965,-71.13355451,AM,79,,
2022,29,Broadway & Alewife Brook Pkwy,42.40688965,-71.13355451,PM,162,,
2022,30,Dane St & Somerville Ave,42.38245449,-71.10340865,AM,145,,
2022,30,Dane St & Somerville Ave,42.38245449,-71.10340865,PM,244,,
2022,31,Foley St & Middlesex Ave,42.3926114,-71.08302332,AM,109,,
2022,31,Foley St & Middlesex Ave,42.3926114,-71.08302332,PM,96,,
2022,32,Summer St & School St,42.38436976,-71.10040705,AM,161,,
2022,32,Summer St & School St,42.38436976,-71.10040705,PM,245,,
2022,33,Temple St & Broadway,42.39262009,-71.09331378,AM,192,,
2022,33,Temple St & Broadway,42.39262009,-71.09331378,PM,238,,
2022,34,Cross St & Pearl St,42.38569813,-71.08783553,AM,375,,
2022,34,Cross St & Pearl St,42.38569813,-71.08783553,PM,305,,
2022,35,Mossland St & Somerville Ave,42.38725254,-71.11678132,AM,345,,
2022,35,Mossland St & Somerville Ave,42.38725254,-71.11678132,PM,439,,
2022,36,Boston Ave & Alewife Brook Pkwy,42.41463011,-71.13132623,AM,115,,
2022,36,Boston Ave & Alewife Brook Pkwy,42.41463011,-71.13132623,PM,132,,
2022,37,Community Path and Lowell St,42.3927529,-71.1061973,AM,198,,
2022,37,Community Path and Lowell St,42.3927529,-71.1061973,PM,304,,
2022,38,Park St and Somerville Ave,42.38319094,-71.10630682,AM,260,,
2022,38,Park St and Somerville Ave,42.38319094,-71.10630682,PM,325,,
2022,39,Somerville Ave and Medford St,42.37727277,-71.08926606,AM,100,,
2022,39,Somerville Ave and Medford St,42.37727277,-71.08926606,PM,145,,
2022,40,Central St and Somerville Junction Park,42.39025078,-71.10213192,AM,99,,
2022,40,Central St and Somerville Junction Park,42.39025078,-71.10213192,PM,50,,
2022,41,School St and Medford St,42.38913104,-71.09715578,AM,144,,
2022,41,School St and Medford St,42.38913104,-71.09715578,PM,266,,
2022,42,Foley St and Great River Rd,42.39344726,-71.07753882,AM,484,,
2022,42,Foley St and Great River Rd,42.39344726,-71.07753882,PM,288,,
2021,1,Webster Ave & Prospect St,42.37698095,-71.09558138,AM,144,,
2021,1,Webster Ave & Prospect St,42.37698095,-71.09558138,PM,188,,
2021,3,Somerville Ave & Prospect St,42.37909418,-71.09410547,AM,164,,
2021,3,Somerville Ave & Prospect St,42.37909418,-71.09410547,PM,181,,
2021,4,Somerville Ave & Elm St,42.38551922,-71.11347413,AM,176,,
2021,4,Somerville Ave & Elm St,42.38551922,-71.11347413,PM,165,,
2021,5,Medford St & Broadway,42.39733605,-71.10430319,AM,126,,
2021,5,Medford St & Broadway,42.39733605,-71.10430319,PM,260,,
2021,6,Willow Ave & Elm St,42.39131962,-71.11874806,AM,165,,
2021,6,Willow Ave & Elm St,42.39131962,-71.11874806,PM,212,,
2021,7,Community Path & Grove St,42.39627069,-71.1201391,AM,315,,
2021,8,Community Path & Cedar St,42.39399986,-71.11109026,AM,326,,
2021,8,Community Path & Cedar St,42.39399986,-71.11109026,PM,604,,
2021,9,Community Path & Buena Vista Rd,42.3972798,-71.12462236,PM,424,,
2021,10,College Ave & Powder House Circle,42.40135813,-71.11679109,AM,185,,
2021,10,College Ave & Powder House Circle,42.40135813,-71.11679109,PM,274,,
2021,11,Holland St & Cameron Ave,42.40105859,-71.12618323,AM,223,,
2021,11,Holland St & Cameron Ave,42.40105859,-71.12618323,PM,373,,
2021,12,Broadway & McGrath Hwy,42.38968478,-71.08814248,AM,104,,
2021,12,Broadway & McGrath Hwy,42.38968478,-71.08814248,PM,175,,
2021,13,Somerville Ave & Beacon St,42.38691747,-71.11617819,AM,258,,
2021,14,Concord Ave & Beacon St,42.37510621,-71.10251332,AM,186,,
2021,15,Washington St & Beacon St,42.37828401,-71.10636097,AM,349,,
2021,16,College Ave & Winter St,42.3970365,-71.12197029,AM,377,,
2021,16,College Ave & Winter St,42.3970365,-71.12197029,PM,630,,
2021,17,Community Path & Willow Ave,42.39520651,-71.11606173,AM,390,,
2021,17,Community Path & Willow Ave,42.39520651,-71.11606173,PM,679,,
2021,18,Cedar St & Summer St,42.39047926,-71.11361641,AM,247,,
2021,18,Cedar St & Summer St,42.39047926,-71.11361641,PM,267,,
2021,19,Washington St & Inner Belt Rd,42.38203537,-71.08153205,AM,114,,
2021,19,Washington St & Inner Belt Rd,42.38203537,-71.08153205,PM,172,,
2021,20,Highland Ave & Walnut St,42.38514096,-71.0941689,PM,174,,
2021,21,Rt. 28 Bridge & Shore Dr,42.39828294,-71.08448496,AM,94,,
2021,21,Rt. 28 Bridge & Shore Dr,42.39828294,-71.08448496,PM,244,,
2021,22,Powder House Blvd & North St,42.40736195,-71.13028673,AM,151,,
2021,22,Powder House Blvd & North St,42.40736195,-71.13028673,PM,156,,
2021,23,Medford St & South St,42.37415665,-71.08805346,AM,103,,
2021,23,Medford St & South St,42.37415665,-71.08805346,PM,197,,
2021,24,Joy St & Washington St,42.38066714,-71.0885851,PM,139,,
2021,25,Highland Ave & Lowell St,42.39020629,-71.10795623,AM,224,,
2021,25,Highland Ave & Lowell St,42.39020629,-71.10795623,PM,263,,
2021,26,Broadway & Lombardi Way,42.38622767,-71.07881042,AM,164,,
2021,26,Broadway & Lombardi Way,42.38622767,-71.07881042,PM,246,,
2021,27,Broadway & Boston Ave,42.39966806,-71.11146775,AM,137,,
2021,27,Broadway & Boston Ave,42.39966806,-71.11146775,PM,193,,
2021,28,Broadway & Holland St,42.40304744,-71.1269899,AM,317,,
2021,28,Broadway & Holland St,42.40304744,-71.1269899,PM,391,,
2021,29,Broadway & Alewife Brook Pkwy,42.40688965,-71.13355451,AM,88,,
2021,29,Broadway & Alewife Brook Pkwy,42.40688965,-71.13355451,PM,153,,
2021,30,Dane St & Somerville Ave,42.38245449,-71.10340865,PM,313,,
2021,31,Foley St & Middlesex Ave,42.3926114,-71.08302332,AM,64,,
2021,31,Foley St & Middlesex Ave,42.3926114,-71.08302332,PM,84,,
2021,32,Summer St & School St,42.38436976,-71.10040705,PM,250,,
2021,33,Temple St & Broadway,42.39262009,-71.09331378,AM,156,,
2021,33,Temple St & Broadway,42.39262009,-71.09331378,PM,200,,
2021,34,Cross St & Pearl St,42.38569813,-71.08783553,AM,315,,
2021,34,Cross St & Pearl St,42.38569813,-71.08783553,PM,196,,
2021,35,Mossland St & Somerville Ave,42.38725254,-71.11678132,AM,333,,
2021,36,Boston Ave & Alewife Brook Pkwy,42.41463011,-71.13132623,AM,101,,
2021,37,Community Path and Lowell St,42.3927529,-71.1061973,AM,163,,
2021,37,Community Path and Lowell St,42.3927529,-71.1061973,PM,291,,
2021,38,Park St and Somerville Ave,42.38319094,-71.10630682,AM,225,,
2021,39,Somerville Ave and Medford St,42.37727277,-71.08926606,AM,96,,
2021,39,Somerville Ave and Medford St,42.37727277,-71.08926606,PM,158,,
2021,41,School St and Medford St,42.38913104,-71.09715578,AM,211,,
2021,42,Foley St and Great River Rd,42.39344726,-71.07753882,AM,186,,
2021,42,Foley St and Great River Rd,42.39344726,-71.07753882,PM,427,,
2020,1,Webster Ave & Prospect St,42.37698095,-71.09558138,AM,105,,
2020,1,Webster Ave & Prospect St,42.37698095,-71.09558138,PM,255,,
2020,2,Washington St & Somerville Ave,42.37964074,-71.09641999,AM,158,,
2020,2,Washington St & Somerville Ave,42.37964074,-71.09641999,PM,419,,
2020,3,Somerville Ave & Prospect St,42.37909418,-71.09410547,AM,97,,
2020,3,Somerville Ave & Prospect St,42.37909418,-71.09410547,PM,153,,
2020,4,Somerville Ave & Elm St,42.38551922,-71.11347413,PM,161,,
2020,5,Medford St & Broadway,42.39733605,-71.10430319,AM,109,,
2020,5,Medford St & Broadway,42.39733605,-71.10430319,PM,272,,
2020,6,Willow Ave & Elm St,42.39131962,-71.11874806,AM,125,,
2020,6,Willow Ave & Elm St,42.39131962,-71.11874806,PM,289,,
2020,7,Community Path & Grove St,42.39627069,-71.1201391,PM,515,,
2020,9,Community Path & Buena Vista Rd,42.3972798,-71.12462236,AM,161,,
2020,9,Community Path & Buena Vista Rd,42.3972798,-71.12462236,PM,299,,
2020,10,College Ave & Powder House Circle,42.40135813,-71.11679109,AM,184,,
2020,10,College Ave & Powder House Circle,42.40135813,-71.11679109,PM,262,,
2020,11,Holland St & Cameron Ave,42.40105859,-71.12618323,PM,274,,
2020,12,Broadway & McGrath Hwy,42.38968478,-71.08814248,AM,94,,
2020,12,Broadway & McGrath Hwy,42.38968478,-71.08814248,PM,108,,
2020,13,Somerville Ave & Beacon St,42.38691747,-71.11617819,AM,211,,
2020,13,Somerville Ave & Beacon St,42.38691747,-71.11617819,PM,291,,
2020,14,Concord Ave & Beacon St,42.37510621,-71.10251332,AM,109,,
2020,14,Concord Ave & Beacon St,42.37510621,-71.10251332,PM,228,,
2020,15,Washington St & Beacon St,42.37828401,-71.10636097,PM,363,,
2020,16,College Ave & Winter St,42.3970365,-71.12197029,AM,182,,
2020,16,College Ave & Winter St,42.3970365,-71.12197029,PM,374,,
2020,17,Community Path & Willow Ave,42.39520651,-71.11606173,AM,203,,
2020,17,Community Path & Willow Ave,42.39520651,-71.11606173,PM,552,,
2020,18,Cedar St & Summer St,42.39047926,-71.11361641,AM,125,,
2020,18,Cedar St & Summer St,42.39047926,-71.11361641,PM,259,,
2020,19,Washington St & Inner Belt Rd,42.38203537,-71.08153205,AM,99,,
2020,20,Highland Ave & Walnut St,42.38514096,-71.0941689,PM,150,,
2020,21,Rt. 28 Bridge & Shore Dr,42.39828294,-71.08448496,AM,162,,
2020,21,Rt. 28 Bridge & Shore Dr,42.39828294,-71.08448496,PM,328,,
2020,22,Powder House Blvd & North St,42.40736195,-71.13028673,PM,169,,
2020,23,Medford St & South St,42.37415665,-71.08805346,AM,63,,
2020,23,Medford St & South St,42.37415665,-71.08805346,PM,180,,
2020,24,Joy St & Washington St,42.38066714,-71.0885851,AM,43,,
2020,24,Joy St & Washington St,42.38066714,-71.0885851,PM,84,,
2020,25,Highland Ave & Lowell St,42.39020629,-71.10795623,AM,180,,
2020,25,Highland Ave & Lowell St,42.39020629,-71.10795623,PM,233,,
2020,26,Broadway & Lombardi Way,42.38622767,-71.07881042,AM,96,,
2020,27,Broadway & Boston Ave,42.39966806,-71.11146775,AM,131,,
2020,27,Broadway & Boston Ave,42.39966806,-71.11146775,PM,265,,
2020,28,Broadway & Holland St,42.40304744,-71.1269899,PM,373,,
2020,29,Broadway & Alewife Brook Pkwy,42.40688965,-71.13355451,AM,113,,
2020,31,Foley St & Middlesex Ave,42.3926114,-71.08302332,AM,53,,
2020,31,Foley St & Middlesex Ave,42.3926114,-71.08302332,PM,55,,
2020,32,Summer St & School St,42.38436976,-71.10040705,PM,263,,
2020,33,Temple St & Broadway,42.39262009,-71.09331378,AM,79,,
2020,33,Temple St & Broadway,42.39262009,-71.09331378,PM,181,,
2020,34,Cross St & Pearl St,42.38569813,-71.08783553,AM,56,,
2020,34,Cross St & Pearl St,42.38569813,-71.08783553,PM,117,,
2020,35,Mossland St & Somerville Ave,42.38725254,-71.11678132,AM,177,,
2020,35,Mossland St & Somerville Ave,42.38725254,-71.11678132,PM,301,,
2020,37,Community Path and Lowell St,42.3927529,-71.1061973,PM,317,,
2020,38,Park St and Somerville Ave,42.38319094,-71.10630682,AM,236,,
2020,38,Park St and Somerville Ave,42.38319094,-71.10630682,PM,516,,
2020,39,Somerville Ave and Medford St,42.37727277,-71.08926606,AM,72,,
2020,40,Central St and Somerville Junction Park,42.39025078,-71.10213192,AM,69,,
2020,40,Central St and Somerville Junction Park,42.39025078,-71.10213192,PM,116,,
2020,41,School St and Medford St,42.38913104,-71.09715578,AM,70,,
2020,41,School St and Medford St,42.38913104,-71.09715578,PM,155,,
2020,42,Foley St and Great River Rd,42.39344726,-71.07753882,AM,99,,
2020,42,Foley St and Great River Rd,42.39344726,-71.07753882,PM,251,,
2019,1,Webster Ave & Prospect St,42.37698095,-71.09558138,AM,225,,
2019,1,Webster Ave & Prospect St,42.37698095,-71.09558138,PM,256,,
2019,2,Washington St & Somerville Ave,42.37964074,-71.09641999,AM,515,,
2019,2,Washington St & Somerville Ave,42.37964074,-71.09641999,PM,547,,
2019,3,Somerville Ave & Prospect St,42.37909418,-71.09410547,AM,178,,
2019,3,Somerville Ave & Prospect St,42.37909418,-71.09410547,PM,209,,
2019,4,Somerville Ave & Elm St,42.38551922,-71.11347413,AM,298,,
2019,4,Somerville Ave & Elm St,42.38551922,-71.11347413,PM,391,,
2019,5,Medford St & Broadway,42.39733605,-71.10430319,AM,141,,
2019,5,Medford St & Broadway,42.39733605,-71.10430319,PM,380,,
2019,6,Willow Ave & Elm St,42.39131962,-71.11874806,PM,329,,
2019,7,Community Path & Grove St,42.39627069,-71.1201391,AM,746,,
2019,7,Community Path & Grove St,42.39627069,-71.1201391,PM,592,,
2019,8,Community Path & Cedar St,42.39399986,-71.11109026,AM,351,,
2019,9,Community Path & Buena Vista Rd,42.3972798,-71.12462236,AM,325,,
2019,9,Community Path & Buena Vista Rd,42.3972798,-71.12462236,PM,483,,
2019,10,College Ave & Powder House Circle,42.40135813,-71.11679109,AM,158,,
2019,10,College Ave & Powder House Circle,42.40135813,-71.11679109,PM,227,,
2019,11,Holland St & Cameron Ave,42.40105859,-71.12618323,AM,378,,
2019,11,Holland St & Cameron Ave,42.40105859,-71.12618323,PM,441,,
2019,12,Broadway & McGrath Hwy,42.38968478,-71.08814248,AM,125,,
2019,12,Broadway & McGrath Hwy,42.38968478,-71.08814248,PM,189,,
2019,13,Somerville Ave & Beacon St,42.38691747,-71.11617819,AM,554,,
2019,14,Concord Ave & Beacon St,42.37510621,-71.10251332,PM,272,,
2019,15,Washington St & Beacon St,42.37828401,-71.10636097,AM,392,,
2019,15,Washington St & Beacon St,42.37828401,-71.10636097,PM,484,,
2019,16,College Ave & Winter St,42.3970365,-71.12197029,AM,723,,
2019,16,College Ave & Winter St,42.3970365,-71.12197029,PM,697,,
2019,17,Community Path & Willow Ave,42.39520651,-71.11606173,AM,445,,
2019,18,Cedar St & Summer St,42.39047926,-71.11361641,AM,242,,
2019,18,Cedar St & Summer St,42.39047926,-71.11361641,PM,231,,
2019,19,Washington St & Inner Belt Rd,42.38203537,-71.08153205,AM,143,,
2019,19,Washington St & Inner Belt Rd,42.38203537,-71.08153205,PM,258,,
2019,20,Highland Ave & Walnut St,42.38514096,-71.0941689,AM,176,,
2019,20,Highland Ave & Walnut St,42.38514096,-71.0941689,PM,143,,
2019,21,Rt. 28 Bridge & Shore Dr,42.39828294,-71.08448496,AM,75,,
2019,21,Rt. 28 Bridge & Shore Dr,42.39828294,-71.08448496,PM,92,,
2019,22,Powder House Blvd & North St,42.40736195,-71.13028673,AM,216,,
2019,23,Medford St & South St,42.37415665,-71.08805346,AM,144,,
2019,23,Medford St & South St,42.37415665,-71.08805346,PM,292,,
2019,24,Joy St & Washington St,42.38066714,-71.0885851,PM,24,,
2019,25,Highland Ave & Lowell St,42.39020629,-71.10795623,AM,161,,
2019,25,Highland Ave & Lowell St,42.39020629,-71.10795623,PM,180,,
2019,26,Broadway & Lombardi Way,42.38622767,-71.07881042,PM,410,,
2019,27,Broadway & Boston Ave,42.39966806,-71.11146775,AM,97,,
2019,28,Broadway & Holland St,42.40304744,-71.1269899,AM,379,,
2019,28,Broadway & Holland St,42.40304744,-71.1269899,PM,352,,
2019,29,Broadway & Alewife Brook Pkwy,42.40688965,-71.13355451,AM,100,,
2019,29,Broadway & Alewife Brook Pkwy,42.40688965,-71.13355451,PM,81,,
2019,30,Dane St & Somerville Ave,42.38245449,-71.10340865,AM,181,,
2019,31,Foley St & Middlesex Ave,42.3926114,-71.08302332,AM,162,,
2019,31,Foley St & Middlesex Ave,42.3926114,-71.08302332,PM,128,,
2019,32,Summer St & School St,42.38436976,-71.10040705,AM,167,,
2019,32,Summer St & School St,42.38436976,-71.10040705,PM,148,,
2019,33,Temple St & Broadway,42.39262009,-71.09331378,AM,145,,
2019,33,Temple St & Broadway,42.39262009,-71.09331378,PM,249,,
2019,34,Cross St & Pearl St,42.38569813,-71.08783553,AM,341,,
2019,34,Cross St & Pearl St,42.38569813,-71.08783553,PM,223,,
2019,35,Mossland St & Somerville Ave,42.38725254,-71.11678132,AM,516,,
2019,35,Mossland St & Somerville Ave,42.38725254,-71.11678132,PM,504,,
2019,36,Boston Ave & Alewife Brook Pkwy,42.41463011,-71.13132623,AM,100,,
2019,36,Boston Ave & Alewife Brook Pkwy,42.41463011,-71.13132623,PM,79,,
2019,37,Community Path and Lowell St,42.3927529,-71.1061973,PM,234,,
2019,38,Park St and Somerville Ave,42.38319094,-71.10630682,AM,375,,
2019,38,Park St and Somerville Ave,42.38319094,-71.10630682,PM,444,,
2019,39,Somerville Ave and Medford St,42.37727277,-71.08926606,PM,278,,
2019,40,Central St and Somerville Junction Park,42.39025078,-71.10213192,PM,124,,
2019,41,School St and Medford St,42.38913104,-71.09715578,AM,221,,
2019,41,School St and Medford St,42.38913104,-71.09715578,PM,186,,
2019,42,Foley St and Great River Rd,42.39344726,-71.07753882,AM,384,,
2019,42,Foley St and Great River Rd,42.39344726,-71.07753882,PM,571,,
2018,1,Webster Ave & Prospect St,42.37698095,-71.09558138,AM,159,,
2018,1,Webster Ave & Prospect St,42.37698095,-71.09558138,PM,209,,
2018,3,Somerville Ave & Prospect St,42.37909418,-71.09410547,AM,226,,
2018,3,Somerville Ave & Prospect St,42.37909418,-71.09410547,PM,212,,
2018,4,Somerville Ave & Elm St,42.38551922,-71.11347413,AM,271,,
2018,4,Somerville Ave & Elm St,42.38551922,-71.11347413,PM,265,,
2018,6,Willow Ave & Elm St,42.39131962,-71.11874806,AM,161,,
2018,6,Willow Ave & Elm St,42.39131962,-71.11874806,PM,256,,
2018,7,Community Path & Grove St,42.39627069,-71.1201391,AM,681,,
2018,7,Community Path & Grove St,42.39627069,-71.1201391,PM,649,,
2018,8,Community Path & Cedar St,42.39399986,-71.11109026,AM,269,,
2018,8,Community Path & Cedar St,42.39399986,-71.11109026,PM,367,,
2018,9,Community Path & Buena Vista Rd,42.3972798,-71.12462236,AM,185,,
2018,9,Community Path & Buena Vista Rd,42.3972798,-71.12462236,PM,115,,
2018,10,College Ave & Powder House Circle,42.40135813,-71.11679109,AM,169,,
2018,10,College Ave & Powder House Circle,42.40135813,-71.11679109,PM,281,,
2018,11,Holland St & Cameron Ave,42.40105859,-71.12618323,AM,516,,
2018,11,Holland St & Cameron Ave,42.40105859,-71.12618323,PM,385,,
2018,12,Broadway & McGrath Hwy,42.38968478,-71.08814248,PM,226,,
2018,13,Somerville Ave & Beacon St,42.38691747,-71.11617819,AM,530,,
2018,13,Somerville Ave & Beacon St,42.38691747,-71.11617819,PM,435,,
2018,14,Concord Ave & Beacon St,42.37510621,-71.10251332,AM,137,,
2018,14,Concord Ave & Beacon St,42.37510621,-71.10251332,PM,330,,
2018,16,College Ave & Winter St,42.3970365,-71.12197029,AM,881,,
2018,16,College Ave & Winter St,42.3970365,-71.12197029,PM,942,,
2018,18,Cedar St & Summer St,42.39047926,-71.11361641,AM,250,,
2018,18,Cedar St & Summer St,42.39047926,-71.11361641,PM,194,,
2018,19,Washington St & Inner Belt Rd,42.38203537,-71.08153205,AM,79,,
2018,19,Washington St & Inner Belt Rd,42.38203537,-71.08153205,PM,118,,
2018,20,Highland Ave & Walnut St,42.38514096,-71.0941689,AM,205,,
2018,20,Highland Ave & Walnut St,42.38514096,-71.0941689,PM,157,,
2018,21,Rt. 28 Bridge & Shore Dr,42.39828294,-71.08448496,AM,61,,
2018,21,Rt. 28 Bridge & Shore Dr,42.39828294,-71.08448496,PM,188,,
2018,22,Powder House Blvd & North St,42.40736195,-71.13028673,AM,182,,
2018,22,Powder House Blvd & North St,42.40736195,-71.13028673,PM,86,,
2018,23,Medford St & South St,42.37415665,-71.08805346,AM,158,,
2018,23,Medford St & South St,42.37415665,-71.08805346,PM,254,,
2018,24,Joy St & Washington St,42.38066714,-71.0885851,AM,167,,
2018,24,Joy St & Washington St,42.38066714,-71.0885851,PM,192,,
2018,25,Highland Ave & Lowell St,42.39020629,-71.10795623,AM,139,,
2018,25,Highland Ave & Lowell St,42.39020629,-71.10795623,PM,149,,
2018,27,Broadway & Boston Ave,42.39966806,-71.11146775,AM,132,,
2018,27,Broadway & Boston Ave,42.39966806,-71.11146775,PM,236,,
2018,29,Broadway & Alewife Brook Pkwy,42.40688965,-71.13355451,AM,97,,
2018,29,Broadway & Alewife Brook Pkwy,42.40688965,-71.13355451,PM,116,,
2018,30,Dane St & Somerville Ave,42.38245449,-71.10340865,AM,196,,
2018,30,Dane St & Somerville Ave,42.38245449,-71.10340865,PM,184,,
2018,31,Foley St & Middlesex Ave,42.3926114,-71.08302332,AM,178,,
2018,31,Foley St & Middlesex Ave,42.3926114,-71.08302332,PM,181,,
2018,32,Summer St & School St,42.38436976,-71.10040705,AM,139,,
2018,32,Summer St & School St,42.38436976,-71.10040705,PM,201,,
2018,33,Temple St & Broadway,42.39262009,-71.09331378,AM,145,,
2018,33,Temple St & Broadway,42.39262009,-71.09331378,PM,202,,
2018,34,Cross St & Pearl St,42.38569813,-71.08783553,AM,286,,
2018,34,Cross St & Pearl St,42.38569813,-71.08783553,PM,225,,
2018,35,Mossland St & Somerville Ave,42.38725254,-71.11678132,PM,538,,
2018,36,Boston Ave & Alewife Brook Pkwy,42.41463011,-71.13132623,AM,66,,
2018,36,Boston Ave & Alewife Brook Pkwy,42.41463011,-71.13132623,PM,91,,
2018,37,Community Path and Lowell St,42.3927529,-71.1061973,AM,133,,
2018,37,Community Path and Lowell St,42.3927529,-71.1061973,PM,163,,
2018,38,Park St and Somerville Ave,42.38319094,-71.10630682,AM,309,,
2018,38,Park St and Somerville Ave,42.38319094,-71.10630682,PM,288,,
2018,39,Somerville Ave and Medford St,42.37727277,-71.08926606,AM,144,,
2018,39,Somerville Ave and Medford St,42.37727277,-71.08926606,PM,115,,
2018,40,Central St and Somerville Junction Park,42.39025078,-71.10213192,AM,78,,
2018,40,Central St and Somerville Junction Park,42.39025078,-71.10213192,PM,131,,
2018,41,School St and Medford St,42.38913104,-71.09715578,AM,151,,
2018,41,School St and Medford St,42.38913104,-71.09715578,PM,179,,
2018,42,Foley St and Great River Rd,42.39344726,-71.07753882,AM,350,,
2018,42,Foley St and Great River Rd,42.39344726,-71.07753882,PM,640,,
2017,1,Webster Ave & Prospect St,42.37698095,-71.09558138,AM,161,,
2017,1,Webster Ave & Prospect St,42.37698095,-71.09558138,PM,182,,
2017,2,Washington St & Somerville Ave,42.37964074,-71.09641999,AM,583,,
2017,2,Washington St & Somerville Ave,42.37964074,-71.09641999,PM,392,,
2017,3,Somerville Ave & Prospect St,42.37909418,-71.09410547,AM,202,,
2017,3,Somerville Ave & Prospect St,42.37909418,-71.09410547,PM,227,,
2017,4,Somerville Ave & Elm St,42.38551922,-71.11347413,AM,220,,
2017,4,Somerville Ave & Elm St,42.38551922,-71.11347413,PM,305,,
2017,6,Willow Ave & Elm St,42.39131962,-71.11874806,AM,240,,
2017,6,Willow Ave & Elm St,42.39131962,-71.11874806,PM,266,,
2017,7,Community Path & Grove St,42.39627069,-71.1201391,AM,565,,
2017,7,Community Path & Grove St,42.39627069,-71.1201391,PM,422,,
2017,8,Community Path & Cedar St,42.39399986,-71.11109026,AM,317,,
2017,8,Community Path & Cedar St,42.39399986,-71.11109026,PM,383,,
2017,9,Community Path & Buena Vista Rd,42.3972798,-71.12462236,AM,402,,
2017,9,Community Path & Buena Vista Rd,42.3972798,-71.12462236,PM,486,,
2017,10,College Ave & Powder House Circle,42.40135813,-71.11679109,AM,150,,
2017,10,College Ave & Powder House Circle,42.40135813,-71.11679109,PM,276,,
2017,11,Holland St & Cameron Ave,42.40105859,-71.12618323,AM,265,,
2017,11,Holland St & Cameron Ave,42.40105859,-71.12618323,PM,213,,
2017,12,Broadway & McGrath Hwy,42.38968478,-71.08814248,AM,157,,
2017,12,Broadway & McGrath Hwy,42.38968478,-71.08814248,PM,131,,
2017,13,Somerville Ave & Beacon St,42.38691747,-71.11617819,AM,220,,
2017,13,Somerville Ave & Beacon St,42.38691747,-71.11617819,PM,585,,
2017,14,Concord Ave & Beacon St,42.37510621,-71.10251332,AM,356,,
2017,14,Concord Ave & Beacon St,42.37510621,-71.10251332,PM,484,,
2017,15,Washington St & Beacon St,42.37828401,-71.10636097,AM,468,,
2017,15,Washington St & Beacon St,42.37828401,-71.10636097,PM,279,,
2017,16,College Ave & Winter St,42.3970365,-71.12197029,AM,820,,
2017,16,College Ave & Winter St,42.3970365,-71.12197029,PM,767,,
2017,17,Community Path & Willow Ave,42.39520651,-71.11606173,AM,418,,
2017,17,Community Path & Willow Ave,42.39520651,-71.11606173,PM,496,,
2017,18,Cedar St & Summer St,42.39047926,-71.11361641,AM,268,,
2017,18,Cedar St & Summer St,42.39047926,-71.11361641,PM,237,,
2017,19,Washington St & Inner Belt Rd,42.38203537,-71.08153205,AM,253,,
2017,19,Washington St & Inner Belt Rd,42.38203537,-71.08153205,PM,143,,
2017,20,Highland Ave & Walnut St,42.38514096,-71.0941689,AM,129,,
2017,20,Highland Ave & Walnut St,42.38514096,-71.0941689,PM,124,,
2017,21,Rt. 28 Bridge & Shore Dr,42.39828294,-71.08448496,AM,73,,
2017,21,Rt. 28 Bridge & Shore Dr,42.39828294,-71.08448496,PM,175,,
2017,22,Powder House Blvd & North St,42.40736195,-71.13028673,AM,173,,
2017,22,Powder House Blvd & North St,42.40736195,-71.13028673,PM,111,,
2017,23,Medford St & South St,42.37415665,-71.08805346,AM,155,,
2017,23,Medford St & South St,42.37415665,-71.08805346,PM,195,,
2017,24,Joy St & Washington St,42.38066714,-71.0885851,AM,146,,
2017,24,Joy St & Washington St,42.38066714,-71.0885851,PM,160,,
2017,25,Highland Ave & Lowell St,42.39020629,-71.10795623,AM,205,,
2017,25,Highland Ave & Lowell St,42.39020629,-71.10795623,PM,229,,
2017,26,Broadway & Lombardi Way,42.38622767,-71.07881042,AM,181,,
2017,26,Broadway & Lombardi Way,42.38622767,-71.07881042,PM,325,,
2017,27,Broadway & Boston Ave,42.39966806,-71.11146775,AM,141,,
2017,27,Broadway & Boston Ave,42.39966806,-71.11146775,PM,159,,
2017,28,Broadway & Holland St,42.40304744,-71.1269899,AM,404,,
2017,28,Broadway & Holland St,42.40304744,-71.1269899,PM,366,,
2017,29,Broadway & Alewife Brook Pkwy,42.40688965,-71.13355451,AM,100,,
2017,29,Broadway & Alewife Brook Pkwy,42.40688965,-71.13355451,PM,128,,
2017,30,Dane St & Somerville Ave,42.38245449,-71.10340865,AM,164,,
2017,30,Dane St & Somerville Ave,42.38245449,-71.10340865,PM,224,,
2017,31,Foley St & Middlesex Ave,42.3926114,-71.08302332,AM,174,,
2017,31,Foley St & Middlesex Ave,42.3926114,-71.08302332,PM,154,,
2017,32,Summer St & School St,42.38436976,-71.10040705,AM,190,,
2017,32,Summer St & School St,42.38436976,-71.10040705,PM,183,,
2017,33,Temple St & Broadway,42.39262009,-71.09331378,AM,169,,
2017,33,Temple St & Broadway,42.39262009,-71.09331378,PM,219,,
2017,34,Cross St & Pearl St,42.38569813,-71.08783553,AM,387,,
2017,34,Cross St & Pearl St,42.38569813,-71.08783553,PM,291,,
2017,35,Mossland St & Somerville Ave,42.38725254,-71.11678132,AM,545,,
2017,35,Mossland St & Somerville Ave,42.38725254,-71.11678132,PM,546,,
2017,36,Boston Ave & Alewife Brook Pkwy,42.41463011,-71.13132623,AM,142,,
2017,36,Boston Ave & Alewife Brook Pkwy,42.41463011,-71.13132623,PM,60,,
2017,37,Community Path and Lowell St,42.3927529,-71.1061973,AM,116,,
2017,37,Community Path and Lowell St,42.3927529,-71.1061973,PM,208,,
2017,38,Park St and Somerville Ave,42.38319094,-71.10630682,AM,260,,
2017,39,Somerville Ave and Medford St,42.37727277,-71.08926606,AM,110,,
2017,39,Somerville Ave and Medford St,42.37727277,-71.08926606,PM,155,,
2017,40,Central St and Somerville Junction Park,42.39025078,-71.10213192,AM,112,,
2017,40,Central St and Somerville Junction Park,42.39025078,-71.10213192,PM,75,,
2017,41,School St and Medford St,42.38913104,-71.09715578,AM,274,,
2017,41,School St and Medford St,42.38913104,-71.09715578,PM,187,,
2017,42,Foley St and Great River Rd,42.39344726,-71.07753882,AM,249,,
2017,42,Foley St and Great River Rd,42.39344726,-71.07753882,PM,493,,
2016,1,Webster Ave & Prospect St,42.37698095,-71.09558138,AM,131,,
2016,1,Webster Ave & Prospect St,42.37698095,-71.09558138,PM,170,,
2016,2,Washington St & Somerville Ave,42.37964074,-71.09641999,AM,370,,
2016,2,Washington St & Somerville Ave,42.37964074,-71.09641999,PM,393,,
2016,3,Somerville Ave & Prospect St,42.37909418,-71.09410547,AM,175,,
2016,3,Somerville Ave & Prospect St,42.37909418,-71.09410547,PM,290,,
2016,4,Somerville Ave & Elm St,42.38551922,-71.11347413,AM,239,,
2016,5,Medford St & Broadway,42.39733605,-71.10430319,AM,114,,
2016,5,Medford St & Broadway,42.39733605,-71.10430319,PM,107,,
2016,6,Willow Ave & Elm St,42.39131962,-71.11874806,AM,239,,
2016,6,Willow Ave & Elm St,42.39131962,-71.11874806,PM,326,,
2016,8,Community Path & Cedar St,42.39399986,-71.11109026,PM,250,,
2016,10,College Ave & Powder House Circle,42.40135813,-71.11679109,AM,538,,
2016,10,College Ave & Powder House Circle,42.40135813,-71.11679109,PM,283,,
2016,11,Holland St & Cameron Ave,42.40105859,-71.12618323,AM,598,,
2016,11,Holland St & Cameron Ave,42.40105859,-71.12618323,PM,726,,
2016,12,Broadway & McGrath Hwy,42.38968478,-71.08814248,AM,156,,
2016,12,Broadway & McGrath Hwy,42.38968478,-71.08814248,PM,140,,
2016,13,Somerville Ave & Beacon St,42.38691747,-71.11617819,AM,424,,
2016,14,Concord Ave & Beacon St,42.37510621,-71.10251332,AM,178,,
2016,14,Concord Ave & Beacon St,42.37510621,-71.10251332,PM,218,,
2016,15,Washington St & Beacon St,42.37828401,-71.10636097,AM,375,,
2016,15,Washington St & Beacon St,42.37828401,-71.10636097,PM,368,,
2016,16,College Ave & Winter St,42.3970365,-71.12197029,AM,1104,,
2016,16,College Ave & Winter St,42.3970365,-71.12197029,PM,496,,
2016,17,Community Path & Willow Ave,42.39520651,-71.11606173,AM,479,,
2016,17,Community Path & Willow Ave,42.39520651,-71.11606173,PM,264,,
2016,18,Cedar St & Summer St,42.39047926,-71.11361641,PM,214,,
2016,19,Washington St & Inner Belt Rd,42.38203537,-71.08153205,AM,140,,
2016,19,Washington St & Inner Belt Rd,42.38203537,-71.08153205,PM,130,,
2016,20,Highland Ave & Walnut St,42.38514096,-71.0941689,AM,112,,
2016,20,Highland Ave & Walnut St,42.38514096,-71.0941689,PM,186,,
2016,21,Rt. 28 Bridge & Shore Dr,42.39828294,-71.08448496,AM,62,,
2016,21,Rt. 28 Bridge & Shore Dr,42.39828294,-71.08448496,PM,99,,
2016,22,Powder House Blvd & North St,42.40736195,-71.13028673,AM,45,,
2016,22,Powder House Blvd & North St,42.40736195,-71.13028673,PM,167,,
2016,23,Medford St & South St,42.37415665,-71.08805346,AM,105,,
2016,23,Medford St & South St,42.37415665,-71.08805346,PM,159,,
2016,24,Joy St & Washington St,42.38066714,-71.0885851,AM,113,,
2016,24,Joy St & Washington St,42.38066714,-71.0885851,PM,153,,
2016,25,Highland Ave & Lowell St,42.39020629,-71.10795623,AM,177,,
2016,25,Highland Ave & Lowell St,42.39020629,-71.10795623,PM,228,,
2016,26,Broadway & Lombardi Way,42.38622767,-71.07881042,AM,305,,
2016,26,Broadway & Lombardi Way,42.38622767,-71.07881042,PM,371,,
2016,27,Broadway & Boston Ave,42.39966806,-71.11146775,AM,136,,
2016,27,Broadway & Boston Ave,42.39966806,-71.11146775,PM,136,,
2016,28,Broadway & Holland St,42.40304744,-71.1269899,AM,440,,
2016,28,Broadway & Holland St,42.40304744,-71.1269899,PM,316,,
2016,29,Broadway & Alewife Brook Pkwy,42.40688965,-71.13355451,AM,66,,
2016,29,Broadway & Alewife Brook Pkwy,42.40688965,-71.13355451,PM,91,,
2016,30,Dane St & Somerville Ave,42.38245449,-71.10340865,AM,282,,
2016,30,Dane St & Somerville Ave,42.38245449,-71.10340865,PM,158,,
2016,31,Foley St & Middlesex Ave,42.3926114,-71.08302332,AM,109,,
2016,31,Foley St & Middlesex Ave,42.3926114,-71.08302332,PM,181,,
2016,32,Summer St & School St,42.38436976,-71.10040705,AM,96,,
2016,32,Summer St & School St,42.38436976,-71.10040705,PM,82,,
2016,33,Temple St & Broadway,42.39262009,-71.09331378,AM,189,,
2016,33,Temple St & Broadway,42.39262009,-71.09331378,PM,386,,
2016,34,Cross St & Pearl St,42.38569813,-71.08783553,AM,374,,
2016,34,Cross St & Pearl St,42.38569813,-71.08783553,PM,204,,
2016,35,Mossland St & Somerville Ave,42.38725254,-71.11678132,AM,578,,
2016,35,Mossland St & Somerville Ave,42.38725254,-71.11678132,PM,582,,
2016,36,Boston Ave & Alewife Brook Pkwy,42.41463011,-71.13132623,AM,82,,
2016,36,Boston Ave & Alewife Brook Pkwy,42.41463011,-71.13132623,PM,103,,
2016,37,Community Path and Lowell St,42.3927529,-71.1061973,AM,145,,
2016,37,Community Path and Lowell St,42.3927529,-71.1061973,PM,130,,
2016,38,Park St and Somerville Ave,42.38319094,-71.10630682,AM,152,,
2016,38,Park St and Somerville Ave,42.38319094,-71.10630682,PM,226,,
2016,39,Somerville Ave and Medford St,42.37727277,-71.08926606,AM,52,,
2016,39,Somerville Ave and Medford St,42.37727277,-71.08926606,PM,110,,
2015,1,Webster Ave & Prospect St,42.37698095,-71.09558138,AM,127,,
2015,2,Washington St & Somerville Ave,42.37964074,-71.09641999,AM,257,,
2015,2,Washington St & Somerville Ave,42.37964074,-71.09641999,PM,300,,
2015,3,Somerville Ave & Prospect St,42.37909418,-71.09410547,AM,144,,
2015,3,Somerville Ave & Prospect St,42.37909418,-71.09410547,PM,165,,
2015,4,Somerville Ave & Elm St,42.38551922,-71.11347413,AM,226,,
2015,4,Somerville Ave & Elm St,42.38551922,-71.11347413,PM,323,,
2015,5,Medford St & Broadway,42.39733605,-71.10430319,AM,205,,
2015,5,Medford St & Broadway,42.39733605,-71.10430319,PM,166,,
2015,6,Willow Ave & Elm St,42.39131962,-71.11874806,AM,227,,
2015,6,Willow Ave & Elm St,42.39131962,-71.11874806,PM,206,,
2015,7,Community Path & Grove St,42.39627069,-71.1201391,PM,411,,
2015,8,Community Path & Cedar St,42.39399986,-71.11109026,AM,308,,
2015,8,Community Path & Cedar St,42.39399986,-71.11109026,PM,338,,
2015,9,Community Path & Buena Vista Rd,42.3972798,-71.12462236,AM,423,,
2015,9,Community Path & Buena Vista Rd,42.3972798,-71.12462236,PM,365,,
2015,10,College Ave & Powder House Circle,42.40135813,-71.11679109,AM,145,,
2015,10,College Ave & Powder House Circle,42.40135813,-71.11679109,PM,329,,
2015,11,Holland St & Cameron Ave,42.40105859,-71.12618323,AM,455,,
2015,11,Holland St & Cameron Ave,42.40105859,-71.12618323,PM,542,,
2015,12,Broadway & McGrath Hwy,42.38968478,-71.08814248,AM,162,,
2015,12,Broadway & McGrath Hwy,42.38968478,-71.08814248,PM,180,,
2015,13,Somerville Ave & Beacon St,42.38691747,-71.11617819,AM,462,,
2015,13,Somerville Ave & Beacon St,42.38691747,-71.11617819,PM,370,,
2015,14,Concord Ave & Beacon St,42.37510621,-71.10251332,AM,195,,
2015,14,Concord Ave & Beacon St,42.37510621,-71.10251332,PM,402,,
2015,15,Washington St & Beacon St,42.37828401,-71.10636097,AM,371,,
2015,15,Washington St & Beacon St,42.37828401,-71.10636097,PM,378,,
2015,16,College Ave & Winter St,42.3970365,-71.12197029,AM,755,,
2015,16,College Ave & Winter St,42.3970365,-71.12197029,PM,193,,
2015,17,Community Path & Willow Ave,42.39520651,-71.11606173,AM,361,,
2015,17,Community Path & Willow Ave,42.39520651,-71.11606173,PM,433,,
2015,18,Cedar St & Summer St,42.39047926,-71.11361641,AM,201,,
2015,18,Cedar St & Summer St,42.39047926,-71.11361641,PM,182,,
2015,19,Washington St & Inner Belt Rd,42.38203537,-71.08153205,PM,145,,
2015,20,Highland Ave & Walnut St,42.38514096,-71.0941689,AM,121,,
2015,20,Highland Ave & Walnut St,42.38514096,-71.0941689,PM,207,,
2015,21,Rt. 28 Bridge & Shore Dr,42.39828294,-71.08448496,AM,48,,
2015,21,Rt. 28 Bridge & Shore Dr,42.39828294,-71.08448496,PM,63,,
2015,22,Powder House Blvd & North St,42.40736195,-71.13028673,AM,223,,
2015,22,Powder House Blvd & North St,42.40736195,-71.13028673,PM,83,,
2015,23,Medford St & South St,42.37415665,-71.08805346,AM,107,,
2015,23,Medford St & South St,42.37415665,-71.08805346,PM,163,,
2015,24,Joy St & Washington St,42.38066714,-71.0885851,AM,136,,
2015,24,Joy St & Washington St,42.38066714,-71.0885851,PM,182,,
2015,25,Highland Ave & Lowell St,42.39020629,-71.10795623,AM,153,,
2015,26,Broadway & Lombardi Way,42.38622767,-71.07881042,AM,259,,
2015,26,Broadway & Lombardi Way,42.38622767,-71.07881042,PM,229,,
2015,27,Broadway & Boston Ave,42.39966806,-71.11146775,AM,108,,
2015,27,Broadway & Boston Ave,42.39966806,-71.11146775,PM,182,,
2015,28,Broadway & Holland St,42.40304744,-71.1269899,AM,381,,
2015,28,Broadway & Holland St,42.40304744,-71.1269899,PM,371,,
2015,29,Broadway & Alewife Brook Pkwy,42.40688965,-71.13355451,AM,78,,
2015,29,Broadway & Alewife Brook Pkwy,42.40688965,-71.13355451,PM,102,,
2015,30,Dane St & Somerville Ave,42.38245449,-71.10340865,AM,134,,
2015,30,Dane St & Somerville Ave,42.38245449,-71.10340865,PM,217,,
2015,31,Foley St & Middlesex Ave,42.3926114,-71.08302332,AM,59,,
2015,31,Foley St & Middlesex Ave,42.3926114,-71.08302332,PM,86,,
2015,32,Summer St & School St,42.38436976,-71.10040705,AM,169,,
2015,32,Summer St & School St,42.38436976,-71.10040705,PM,206,,
2015,33,Temple St & Broadway,42.39262009,-71.09331378,AM,224,,
2015,34,Cross St & Pearl St,42.38569813,-71.08783553,AM,379,,
2015,34,Cross St & Pearl St,42.38569813,-71.08783553,PM,163,,
2015,35,Mossland St & Somerville Ave,42.38725254,-71.11678132,AM,456,,
2015,35,Mossland St & Somerville Ave,42.38725254,-71.11678132,PM,436,,
2015,36,Boston Ave & Alewife Brook Pkwy,42.41463011,-71.13132623,AM,92,,
2015,36,Boston Ave & Alewife Brook Pkwy,42.41463011,-71.13132623,PM,93,,
2014,1,Webster Ave & Prospect St,42.37698095,-71.09558138,AM,147,,
2014,1,Webster Ave & Prospect St,42.37698095,-71.09558138,PM,196,,
2014,2,Washington St & Somerville Ave,42.37964074,-71.09641999,AM,403,,
2014,2,Washington St & Somerville Ave,42.37964074,-71.09641999,PM,486,,
2014,3,Somerville Ave & Prospect St,42.37909418,-71.09410547,AM,223,,
2014,3,Somerville Ave & Prospect St,42.37909418,-71.09410547,PM,286,,
2014,4,Somerville Ave & Elm St,42.38551922,-71.11347413,AM,293,,
2014,5,Medford St & Broadway,42.39733605,-71.10430319,AM,102,,
2014,5,Medford St & Broadway,42.39733605,-71.10430319,PM,92,,
2014,6,Willow Ave & Elm St,42.39131962,-71.11874806,AM,217,,
2014,6,Willow Ave & Elm St,42.39131962,-71.11874806,PM,378,,
2014,7,Community Path & Grove St,42.39627069,-71.1201391,AM,483,,
2014,7,Community Path & Grove St,42.39627069,-71.1201391,PM,617,,
2014,8,Community Path & Cedar St,42.39399986,-71.11109026,AM,259,,
2014,8,Community Path & Cedar St,42.39399986,-71.11109026,PM,404,,
2014,9,Community Path & Buena Vista Rd,42.3972798,-71.12462236,AM,318,,
2014,9,Community Path & Buena Vista Rd,42.3972798,-71.12462236,PM,421,,
2014,10,College Ave & Powder House Circle,42.40135813,-71.11679109,AM,197,,
2014,10,College Ave & Powder House Circle,42.40135813,-71.11679109,PM,298,,
2014,11,Holland St & Cameron Ave,42.40105859,-71.12618323,AM,444,,
2014,11,Holland St & Cameron Ave,42.40105859,-71.12618323,PM,530,,
2014,12,Broadway & McGrath Hwy,42.38968478,-71.08814248,AM,146,,
2014,12,Broadway & McGrath Hwy,42.38968478,-71.08814248,PM,152,,
2014,13,Somerville Ave & Beacon St,42.38691747,-71.11617819,AM,431,,
2014,13,Somerville Ave & Beacon St,42.38691747,-71.11617819,PM,298,,
2014,14,Concord Ave & Beacon St,42.37510621,-71.10251332,AM,274,,
2014,14,Concord Ave & Beacon St,42.37510621,-71.10251332,PM,388,,
2014,15,Washington St & Beacon St,42.37828401,-71.10636097,AM,347,,
2014,15,Washington St & Beacon St,42.37828401,-71.10636097,PM,460,,
2014,16,College Ave & Winter St,42.3970365,-71.12197029,AM,709,,
2014,16,College Ave & Winter St,42.3970365,-71.12197029,PM,764,,
2014,17,Community Path & Willow Ave,42.39520651,-71.11606173,AM,372,,
2014,17,Community Path & Willow Ave,42.39520651,-71.11606173,PM,356,,
2014,18,Cedar St & Summer St,42.39047926,-71.11361641,AM,271,,
2014,18,Cedar St & Summer St,42.39047926,-71.11361641,PM,212,,
2014,19,Washington St & Inner Belt Rd,42.38203537,-71.08153205,AM,144,,
2014,19,Washington St & Inner Belt Rd,42.38203537,-71.08153205,PM,128,,
2014,20,Highland Ave & Walnut St,42.38514096,-71.0941689,AM,186,,
2014,20,Highland Ave & Walnut St,42.38514096,-71.0941689,PM,167,,
2014,21,Rt. 28 Bridge & Shore Dr,42.39828294,-71.08448496,AM,57,,
2014,21,Rt. 28 Bridge & Shore Dr,42.39828294,-71.08448496,PM,115,,
2014,22,Powder House Blvd & North St,42.40736195,-71.13028673,AM,219,,
2014,22,Powder House Blvd & North St,42.40736195,-71.13028673,PM,149,,
2014,23,Medford St & South St,42.37415665,-71.08805346,PM,202,,
2014,24,Joy St & Washington St,42.38066714,-71.0885851,AM,158,,
2014,24,Joy St & Washington St,42.38066714,-71.0885851,PM,243,,
2014,25,Highland Ave & Lowell St,42.39020629,-71.10795623,AM,171,,
2014,25,Highland Ave & Lowell St,42.39020629,-71.10795623,PM,243,,
2014,26,Broadway & Lombardi Way,42.38622767,-71.07881042,AM,249,,
2014,26,Broadway & Lombardi Way,42.38622767,-71.07881042,PM,343,,
2014,27,Broadway & Boston Ave,42.39966806,-71.11146775,AM,160,,
2014,28,Broadway & Holland St,42.40304744,-71.1269899,AM,539,,
2014,28,Broadway & Holland St,42.40304744,-71.1269899,PM,648,,
2014,29,Broadway & Alewife Brook Pkwy,42.40688965,-71.13355451,AM,90,,
2014,29,Broadway & Alewife Brook Pkwy,42.40688965,-71.13355451,PM,97,,
2014,30,Dane St & Somerville Ave,42.38245449,-71.10340865,AM,108,,
2014,30,Dane St & Somerville Ave,42.38245449,-71.10340865,PM,219,,
2014,31,Foley St & Middlesex Ave,42.3926114,-71.08302332,AM,86,,
2014,31,Foley St & Middlesex Ave,42.3926114,-71.08302332,PM,94,,
2014,32,Summer St & School St,42.38436976,-71.10040705,AM,147,,
2014,33,Temple St & Broadway,42.39262009,-71.09331378,AM,235,,
2014,33,Temple St & Broadway,42.39262009,-71.09331378,PM,336,,
2014,34,Cross St & Pearl St,42.38569813,-71.08783553,AM,641,,
2014,34,Cross St & Pearl St,42.38569813,-71.08783553,PM,190,,
2014,35,Mossland St & Somerville Ave,42.38725254,-71.11678132,AM,568,,
2014,35,Mossland St & Somerville Ave,42.38725254,-71.11678132,PM,352,,
2014,36,Boston Ave & Alewife Brook Pkwy,42.41463011,-71.13132623,AM,57,,
2014,36,Boston Ave & Alewife Brook Pkwy,42.41463011,-71.13132623,PM,99,,
2013,1,Webster Ave & Prospect St,42.37698095,-71.09558138,AM,85,,
2013,1,Webster Ave & Prospect St,42.37698095,-71.09558138,PM,157,,
2013,2,Washington St & Somerville Ave,42.37964074,-71.09641999,AM,409,,
2013,2,Washington St & Somerville Ave,42.37964074,-71.09641999,PM,559,,
2013,3,Somerville Ave & Prospect St,42.37909418,-71.09410547,AM,95,,
2013,4,Somerville Ave & Elm St,42.38551922,-71.11347413,AM,284,,
2013,4,Somerville Ave & Elm St,42.38551922,-71.11347413,PM,172,,
2013,5,Medford St & Broadway,42.39733605,-71.10430319,AM,155,,
2013,5,Medford St & Broadway,42.39733605,-71.10430319,PM,280,,
2013,6,Willow Ave & Elm St,42.39131962,-71.11874806,AM,214,,
2013,6,Willow Ave & Elm St,42.39131962,-71.11874806,PM,380,,
2013,7,Community Path & Grove St,42.39627069,-71.1201391,AM,501,,
2013,7,Community Path & Grove St,42.39627069,-71.1201391,PM,509,,
2013,8,Community Path & Cedar St,42.39399986,-71.11109026,AM,329,,
2013,8,Community Path & Cedar St,42.39399986,-71.11109026,PM,328,,
2013,9,Community Path & Buena Vista Rd,42.3972798,-71.12462236,AM,348,,
2013,9,Community Path & Buena Vista Rd,42.3972798,-71.12462236,PM,424,,
2013,10,College Ave & Powder House Circle,42.40135813,-71.11679109,AM,117,,
2013,10,College Ave & Powder House Circle,42.40135813,-71.11679109,PM,251,,
2013,11,Holland St & Cameron Ave,42.40105859,-71.12618323,AM,395,,
2013,11,Holland St & Cameron Ave,42.40105859,-71.12618323,PM,314,,
2013,12,Broadway & McGrath Hwy,42.38968478,-71.08814248,AM,128,,
2013,12,Broadway & McGrath Hwy,42.38968478,-71.08814248,PM,414,,
2013,13,Somerville Ave & Beacon St,42.38691747,-71.11617819,AM,425,,
2013,14,Concord Ave & Beacon St,42.37510621,-71.10251332,AM,200,,
2013,14,Concord Ave & Beacon St,42.37510621,-71.10251332,PM,322,,
2013,15,Washington St & Beacon St,42.37828401,-71.10636097,AM,307,,
2013,15,Washington St & Beacon St,42.37828401,-71.10636097,PM,329,,
2013,16,College Ave & Winter St,42.3970365,-71.12197029,AM,798,,
2013,16,College Ave & Winter St,42.3970365,-71.12197029,PM,900,,
2013,17,Community Path & Willow Ave,42.39520651,-71.11606173,AM,299,,
2013,17,Community Path & Willow Ave,42.39520651,-71.11606173,PM,259,,
2013,18,Cedar St & Summer St,42.39047926,-71.11361641,AM,246,,
2013,18,Cedar St & Summer St,42.39047926,-71.11361641,PM,198,,
2013,19,Washington St & Inner Belt Rd,42.38203537,-71.08153205,AM,142,,
2013,19,Washington St & Inner Belt Rd,42.38203537,-71.08153205,PM,152,,
2013,20,Highland Ave & Walnut St,42.38514096,-71.0941689,AM,198,,
2013,20,Highland Ave & Walnut St,42.38514096,-71.0941689,PM,183,,
2013,21,Rt. 28 Bridge & Shore Dr,42.39828294,-71.08448496,AM,49,,
2013,21,Rt. 28 Bridge & Shore Dr,42.39828294,-71.08448496,PM,79,,
2013,22,Powder House Blvd & North St,42.40736195,-71.13028673,AM,279,,
2013,22,Powder House Blvd & North St,42.40736195,-71.13028673,PM,115,,
2013,23,Medford St & South St,42.37415665,-71.08805346,AM,75,,
2013,23,Medford St & South St,42.37415665,-71.08805346,PM,142,,
2013,24,Joy St & Washington St,42.38066714,-71.0885851,AM,157,,
2013,24,Joy St & Washington St,42.38066714,-71.0885851,PM,148,,
2013,26,Broadway & Lombardi Way,42.38622767,-71.07881042,AM,337,,
2013,26,Broadway & Lombardi Way,42.38622767,-71.07881042,PM,291,,
2013,27,Broadway & Boston Ave,42.39966806,-71.11146775,AM,135,,
2013,27,Broadway & Boston Ave,42.39966806,-71.11146775,PM,137,,
2013,28,Broadway & Holland St,42.40304744,-71.1269899,AM,369,,
2013,28,Broadway & Holland St,42.40304744,-71.1269899,PM,193,,
2013,29,Broadway & Alewife Brook Pkwy,42.40688965,-71.13355451,AM,98,,
2013,29,Broadway & Alewife Brook Pkwy,42.40688965,-71.13355451,PM,122,,
2013,30,Dane St & Somerville Ave,42.38245449,-71.10340865,AM,135,,
2013,30,Dane St & Somerville Ave,42.38245449,-71.10340865,PM,264,,
2013,31,Foley St & Middlesex Ave,42.3926114,-71.08302332,AM,59,,
2013,31,Foley St & Middlesex Ave,42.3926114,-71.08302332,PM,67,,
2013,32,Summer St & School St,42.38436976,-71.10040705,AM,106,,
2013,32,Summer St & School St,42.38436976,-71.10040705,PM,85,,
2013,33,Temple St & Broadway,42.39262009,-71.09331378,AM,142,,
2013,33,Temple St & Broadway,42.39262009,-71.09331378,PM,223,,
2013,34,Cross St & Pearl St,42.38569813,-71.08783553,AM,264,,
2013,34,Cross St & Pearl St,42.38569813,-71.08783553,PM,194,,
2013,35,Mossland St & Somerville Ave,42.38725254,-71.11678132,AM,428,,
2013,35,Mossland St & Somerville Ave,42.38725254,-71.11678132,PM,437,,
2013,36,Boston Ave & Alewife Brook Pkwy,42.41463011,-71.13132623,PM,58,,
2012,1,Webster Ave & Prospect St,42.37698095,-71.09558138,AM,109,,
2012,1,Webster Ave & Prospect St,42.37698095,-71.09558138,PM,177,,
2012,2,Washington St & Somerville Ave,42.37964074,-71.09641999,AM,410,,
2012,2,Washington St & Somerville Ave,42.37964074,-71.09641999,PM,362,,
2012,3,Somerville Ave & Prospect St,42.37909418,-71.09410547,AM,242,,
2012,3,Somerville Ave & Prospect St,42.37909418,-71.09410547,PM,242,,
2012,4,Somerville Ave & Elm St,42.38551922,-71.11347413,AM,220,,
2012,4,Somerville Ave & Elm St,42.38551922,-71.11347413,PM,207,,
2012,5,Medford St & Broadway,42.39733605,-71.10430319,AM,87,,
2012,6,Willow Ave & Elm St,42.39131962,-71.11874806,AM,117,,
2012,6,Willow Ave & Elm St,42.39131962,-71.11874806,PM,314,,
2012,7,Community Path & Grove St,42.39627069,-71.1201391,AM,442,,
2012,7,Community Path & Grove St,42.39627069,-71.1201391,PM,393,,
2012,8,Community Path & Cedar St,42.39399986,-71.11109026,AM,302,,
2012,8,Community Path & Cedar St,42.39399986,-71.11109026,PM,162,,
2012,9,Community Path & Buena Vista Rd,42.3972798,-71.12462236,AM,304,,
2012,9,Community Path & Buena Vista Rd,42.3972798,-71.12462236,PM,356,,
2012,10,College Ave & Powder House Circle,42.40135813,-71.11679109,AM,140,,
2012,10,College Ave & Powder House Circle,42.40135813,-71.11679109,PM,300,,
2012,11,Holland St & Cameron Ave,42.40105859,-71.12618323,AM,390,,
2012,12,Broadway & McGrath Hwy,42.38968478,-71.08814248,AM,106,,
2012,12,Broadway & McGrath Hwy,42.38968478,-71.08814248,PM,165,,
2012,13,Somerville Ave & Beacon St,42.38691747,-71.11617819,AM,321,,
2012,13,Somerville Ave & Beacon St,42.38691747,-71.11617819,PM,328,,
2012,14,Concord Ave & Beacon St,42.37510621,-71.10251332,AM,166,,
2012,14,Concord Ave & Beacon St,42.37510621,-71.10251332,PM,245,,
2012,15,Washington St & Beacon St,42.37828401,-71.10636097,AM,229,,
2012,15,Washington St & Beacon St,42.37828401,-71.10636097,PM,381,,
2012,16,College Ave & Winter St,42.3970365,-71.12197029,AM,736,,
2012,16,College Ave & Winter St,42.3970365,-71.12197029,PM,688,,
2012,17,Community Path & Willow Ave,42.39520651,-71.11606173,AM,301,,
2012,18,Cedar St & Summer St,42.39047926,-71.11361641,AM,201,,
2012,18,Cedar St & Summer St,42.39047926,-71.11361641,PM,192,,
2012,19,Washington St & Inner Belt Rd,42.38203537,-71.08153205,AM,108,,
2012,19,Washington St & Inner Belt Rd,42.38203537,-71.08153205,PM,134,,
2012,20,Highland Ave & Walnut St,42.38514096,-71.0941689,PM,187,,
2012,21,Rt. 28 Bridge & Shore Dr,42.39828294,-71.08448496,AM,49,,
2012,21,Rt. 28 Bridge & Shore Dr,42.39828294,-71.08448496,PM,89,,
2012,22,Powder House Blvd & North St,42.40736195,-71.13028673,AM,212,,
2012,22,Powder House Blvd & North St,42.40736195,-71.13028673,PM,109,,
2012,23,Medford St & South St,42.37415665,-71.08805346,AM,71,,
2012,23,Medford St & South St,42.37415665,-71.08805346,PM,164,,
2012,24,Joy St & Washington St,42.38066714,-71.0885851,AM,119,,
2012,24,Joy St & Washington St,42.38066714,-71.0885851,PM,153,,
2012,25,Highland Ave & Lowell St,42.39020629,-71.10795623,AM,176,,
2012,25,Highland Ave & Lowell St,42.39020629,-71.10795623,PM,195,,
2012,26,Broadway & Lombardi Way,42.38622767,-71.07881042,AM,255,,
2012,26,Broadway & Lombardi Way,42.38622767,-71.07881042,PM,386,,
2012,27,Broadway & Boston Ave,42.39966806,-71.11146775,AM,142,,
2012,27,Broadway & Boston Ave,42.39966806,-71.11146775,PM,138,,
2012,28,Broadway & Holland St,42.40304744,-71.1269899,AM,242,,
2012,28,Broadway & Holland St,42.40304744,-71.1269899,PM,458,,
2012,29,Broadway & Alewife Brook Pkwy,42.40688965,-71.13355451,AM,56,,
2012,30,Dane St & Somerville Ave,42.38245449,-71.10340865,PM,134,,
2012,31,Foley St & Middlesex Ave,42.3926114,-71.08302332,AM,25,,
2012,31,Foley St & Middlesex Ave,42.3926114,-71.08302332,PM,87,,
2012,32,Summer St & School St,42.38436976,-71.10040705,AM,105,,
2012,33,Temple St & Broadway,42.39262009,-71.09331378,AM,128,,
2012,33,Temple St & Broadway,42.39262009,-71.09331378,PM,228,,
2012,34,Cross St & Pearl St,42.38569813,-71.08783553,AM,266,,
2012,34,Cross St & Pearl St,42.38569813,-71.08783553,PM,0,,
2012,35,Mossland St & Somerville Ave,42.38725254,-71.11678132,AM,432,,
2012,35,Mossland St & Somerville Ave,42.38725254,-71.11678132,PM,354,,
2012,36,Boston Ave & Alewife Brook Pkwy,42.41463011,-71.13132623,PM,73,,
2011,1,Webster Ave & Prospect St,42.37698095,-71.09558138,AM,87,,
2011,1,Webster Ave & Prospect St,42.37698095,-71.09558138,PM,147,,
2011,2,Washington St & Somerville Ave,42.37964074,-71.09641999,AM,283,,
2011,2,Washington St & Somerville Ave,42.37964074,-71.09641999,PM,240,,
2011,3,Somerville Ave & Prospect St,42.37909418,-71.09410547,AM,140,,
2011,3,Somerville Ave & Prospect St,42.37909418,-71.09410547,PM,210,,
2011,4,Somerville Ave & Elm St,42.38551922,-71.11347413,AM,182,,
2011,4,Somerville Ave & Elm St,42.38551922,-71.11347413,PM,191,,
2011,5,Medford St & Broadway,42.39733605,-71.10430319,AM,67,,
2011,5,Medford St & Broadway,42.39733605,-71.10430319,PM,101,,
2011,6,Willow Ave & Elm St,42.39131962,-71.11874806,AM,139,,
2011,6,Willow Ave & Elm St,42.39131962,-71.11874806,PM,256,,
2011,7,Community Path & Grove St,42.39627069,-71.1201391,AM,457,,
2011,7,Community Path & Grove St,42.39627069,-71.1201391,PM,445,,
2011,8,Community Path & Cedar St,42.39399986,-71.11109026,AM,295,,
2011,8,Community Path & Cedar St,42.39399986,-71.11109026,PM,213,,
2011,9,Community Path & Buena Vista Rd,42.3972798,-71.12462236,AM,358,,
2011,9,Community Path & Buena Vista Rd,42.3972798,-71.12462236,PM,345,,
2011,10,College Ave & Powder House Circle,42.40135813,-71.11679109,AM,123,,
2011,10,College Ave & Powder House Circle,42.40135813,-71.11679109,PM,289,,
2011,11,Holland St & Cameron Ave,42.40105859,-71.12618323,AM,347,,
2011,11,Holland St & Cameron Ave,42.40105859,-71.12618323,PM,419,,
2011,13,Somerville Ave & Beacon St,42.38691747,-71.11617819,AM,384,,
2011,13,Somerville Ave & Beacon St,42.38691747,-71.11617819,PM,341,,
2011,14,Concord Ave & Beacon St,42.37510621,-71.10251332,AM,109,,
2011,14,Concord Ave & Beacon St,42.37510621,-71.10251332,PM,262,,
2011,15,Washington St & Beacon St,42.37828401,-71.10636097,AM,206,,
2011,15,Washington St & Beacon St,42.37828401,-71.10636097,PM,495,,
2011,16,College Ave & Winter St,42.3970365,-71.12197029,AM,794,,
2011,16,College Ave & Winter St,42.3970365,-71.12197029,PM,594,,
2011,17,Community Path & Willow Ave,42.39520651,-71.11606173,AM,284,,
2011,17,Community Path & Willow Ave,42.39520651,-71.11606173,PM,406,,
2011,18,Cedar St & Summer St,42.39047926,-71.11361641,AM,234,,
2011,18,Cedar St & Summer St,42.39047926,-71.11361641,PM,235,,
2011,19,Washington St & Inner Belt Rd,42.38203537,-71.08153205,AM,103,,
2011,19,Washington St & Inner Belt Rd,42.38203537,-71.08153205,PM,111,,
2011,20,Highland Ave & Walnut St,42.38514096,-71.0941689,AM,23,,
2011,20,Highland Ave & Walnut St,42.38514096,-71.0941689,PM,184,,
2011,21,Rt. 28 Bridge & Shore Dr,42.39828294,-71.08448496,AM,42,,
2011,22,Powder House Blvd & North St,42.40736195,-71.13028673,AM,77,,
2011,23,Medford St & South St,42.37415665,-71.08805346,AM,77,,
2011,23,Medford St & South St,42.37415665,-71.08805346,PM,128,,
2011,24,Joy St & Washington St,42.38066714,-71.0885851,AM,111,,
2011,24,Joy St & Washington St,42.38066714,-71.0885851,PM,130,,
2011,25,Highland Ave & Lowell St,42.39020629,-71.10795623,AM,212,,
2011,25,Highland Ave & Lowell St,42.39020629,-71.10795623,PM,165,,
2011,26,Broadway & Lombardi Way,42.38622767,-71.07881042,PM,299,,
2011,27,Broadway & Boston Ave,42.39966806,-71.11146775,AM,155,,
2011,27,Broadway & Boston Ave,42.39966806,-71.11146775,PM,198,,
2011,28,Broadway & Holland St,42.40304744,-71.1269899,AM,279,,
2011,28,Broadway & Holland St,42.40304744,-71.1269899,PM,438,,
2011,29,Broadway & Alewife Brook Pkwy,42.40688965,-71.13355451,AM,106,,
2011,29,Broadway & Alewife Brook Pkwy,42.40688965,-71.13355451,PM,69,,
2011,30,Dane St & Somerville Ave,42.38245449,-71.10340865,AM,83,,
2011,30,Dane St & Somerville Ave,42.38245449,-71.10340865,PM,153,,
2011,32,Summer St & School St,42.38436976,-71.10040705,AM,89,,
2011,32,Summer St & School St,42.38436976,-71.10040705,PM,151,,
2011,33,Temple St & Broadway,42.39262009,-71.09331378,AM,106,,
2011,34,Cross St & Pearl St,42.38569813,-71.08783553,AM,142,,
2011,34,Cross St & Pearl St,42.38569813,-71.08783553,PM,110,,
2011,35,Mossland St & Somerville Ave,42.38725254,-71.11678132,AM,437,,
2011,35,Mossland St & Somerville Ave,42.38725254,-71.11678132,PM,295,,
2011,36,Boston Ave & Alewife Brook Pkwy,42.41463011,-71.13132623,AM,73,,
2010,1,Webster Ave & Prospect St,42.37698095,-71.09558138,AM,124,,
2010,1,Webster Ave & Prospect St,42.37698095,-71.09558138,PM,146,,
2010,2,Washington St & Somerville Ave,42.37964074,-71.09641999,AM,298,,
2010,2,Washington St & Somerville Ave,42.37964074,-71.09641999,PM,335,,
2010,3,Somerville Ave & Prospect St,42.37909418,-71.09410547,AM,120,,
2010,3,Somerville Ave & Prospect St,42.37909418,-71.09410547,PM,118,,
2010,4,Somerville Ave & Elm St,42.38551922,-71.11347413,AM,198,,
2010,4,Somerville Ave & Elm St,42.38551922,-71.11347413,PM,153,,
2010,5,Medford St & Broadway,42.39733605,-71.10430319,AM,87,,
2010,5,Medford St & Broadway,42.39733605,-71.10430319,PM,209,,
2010,6,Willow Ave & Elm St,42.39131962,-71.11874806,AM,177,,
2010,6,Willow Ave & Elm St,42.39131962,-71.11874806,PM,333,,
2010,7,Community Path & Grove St,42.39627069,-71.1201391,AM,422,,
2010,7,Community Path & Grove St,42.39627069,-71.1201391,PM,408,,
2010,8,Community Path & Cedar St,42.39399986,-71.11109026,AM,171,,
2010,8,Community Path & Cedar St,42.39399986,-71.11109026,PM,117,,
2010,9,Community Path & Buena Vista Rd,42.3972798,-71.12462236,AM,308,,
2010,9,Community Path & Buena Vista Rd,42.3972798,-71.12462236,PM,279,,
2010,10,College Ave & Powder House Circle,42.40135813,-71.11679109,AM,236,,
2010,10,College Ave & Powder House Circle,42.40135813,-71.11679109,PM,323,,
2010,11,Holland St & Cameron Ave,42.40105859,-71.12618323,AM,331,,
2010,11,Holland St & Cameron Ave,42.40105859,-71.12618323,PM,428,,
2010,12,Broadway & McGrath Hwy,42.38968478,-71.08814248,AM,122,,
2010,12,Broadway & McGrath Hwy,42.38968478,-71.08814248,PM,154,,
2010,13,Somerville Ave & Beacon St,42.38691747,-71.11617819,AM,438,,
2010,13,Somerville Ave & Beacon St,42.38691747,-71.11617819,PM,318,,
2010,14,Concord Ave & Beacon St,42.37510621,-71.10251332,AM,185,,
2010,14,Concord Ave & Beacon St,42.37510621,-71.10251332,PM,215,,
2010,15,Washington St & Beacon St,42.37828401,-71.10636097,AM,182,,
2010,15,Washington St & Beacon St,42.37828401,-71.10636097,PM,199,,
2010,16,College Ave & Winter St,42.3970365,-71.12197029,AM,1085,,
2010,16,College Ave & Winter St,42.3970365,-71.12197029,PM,1596,,
2010,17,Community Path & Willow Ave,42.39520651,-71.11606173,AM,520,,
2010,17,Community Path & Willow Ave,42.39520651,-71.11606173,PM,315,,
2010,18,Cedar St & Summer St,42.39047926,-71.11361641,AM,168,,
2010,18,Cedar St & Summer St,42.39047926,-71.11361641,PM,177,,
2010,19,Washington St & Inner Belt Rd,42.38203537,-71.08153205,AM,96,,
2010,19,Washington St & Inner Belt Rd,42.38203537,-71.08153205,PM,144,,
2010,20,Highland Ave & Walnut St,42.38514096,-71.0941689,AM,177,,
2010,20,Highland Ave & Walnut St,42.38514096,-71.0941689,PM,161,,
2010,21,Rt. 28 Bridge & Shore Dr,42.39828294,-71.08448496,AM,41,,
2010,21,Rt. 28 Bridge & Shore Dr,42.39828294,-71.08448496,PM,86,,
2010,22,Powder House Blvd & North St,42.40736195,-71.13028673,AM,191,,
2010,22,Powder House Blvd & North St,42.40736195,-71.13028673,PM,86,,
2010,23,Medford St & South St,42.37415665,-71.08805346,AM,83,,
2010,23,Medford St & South St,42.37415665,-71.08805346,PM,102,,
2010,24,Joy St & Washington St,42.38066714,-71.0885851,AM,95,,
2010,24,Joy St & Washington St,42.38066714,-71.0885851,PM,123,,
2010,25,Highland Ave & Lowell St,42.39020629,-71.10795623,AM,184,,
2010,25,Highland Ave & Lowell St,42.39020629,-71.10795623,PM,133,,
2010,26,Broadway & Lombardi Way,42.38622767,-71.07881042,AM,290,,
2010,26,Broadway & Lombardi Way,42.38622767,-71.07881042,PM,243,,
2010,27,Broadway & Boston Ave,42.39966806,-71.11146775,AM,97,,
2010,27,Broadway & Boston Ave,42.39966806,-71.11146775,PM,221,,
2010,28,Broadway & Holland St,42.40304744,-71.1269899,AM,231,,
2010,28,Broadway & Holland St,42.40304744,-71.1269899,PM,258,,
2010,29,Broadway & Alewife Brook Pkwy,42.40688965,-71.13355451,AM,51,,
2010,29,Broadway & Alewife Brook Pkwy,42.40688965,-71.13355451,PM,63,,
2010,30,Dane St & Somerville Ave,42.38245449,-71.10340865,AM,98,,
2010,30,Dane St & Somerville Ave,42.38245449,-71.10340865,PM,140,,
2010,31,Foley St & Middlesex Ave,42.3926114,-71.08302332,AM,83,,
2010,31,Foley St & Middlesex Ave,42.3926114,-71.08302332,PM,84,,
2010,32,Summer St & School St,42.38436976,-71.10040705,AM,73,,
2010,32,Summer St & School St,42.38436976,-71.10040705,PM,86,,
2010,33,Temple St & Broadway,42.39262009,-71.09331378,AM,156,,
2010,33,Temple St & Broadway,42.39262009,-71.09331378,PM,232,,
2010,34,Cross St & Pearl St,42.38569813,-71.08783553,AM,97,,
2010,34,Cross St & Pearl St,42.38569813,-71.08783553,PM,243,,
2010,35,Mossland St & Somerville Ave,42.38725254,-71.11678132,AM,436,,
2010,35,Mossland St & Somerville Ave,42.38725254,-71.11678132,PM,346,,
2010,36,Boston Ave & Alewife Brook Pkwy,42.41463011,-71.13132623,AM,56,,
2010,36,Boston Ave & Alewife Brook Pkwy,42.41463011,-71.13132623,PM,78,,
