Year,Location #,Location Name,Latitude,Longitude,AM/PM,Bike Count
2022,1,Webster Ave & Prospect St,42.37698095,-71.09558138,AM,124
2022,1,Webster Ave & Prospect St,42.37698095,-71.09558138,PM,143
2022,2,Washington St & Somerville Ave,42.37964074,-71.09641999,AM,183
2022,2,Washington St & Somerville Ave,42.37964074,-71.09641999,PM,274
2022,3,Somerville Ave & Prospect St,42.37909418,-71.09410547,AM,123
2022,3,Somerville Ave & Prospect St,42.37909418,-71.09410547,PM,186
2022,4,Somerville Ave & Elm St,42.38551922,-71.11347413,AM,110
2022,4,Somerville Ave & Elm St,42.38551922,-71.11347413,PM,217
2022,5,Medford St & Broadway,42.39733605,-71.10430319,AM,57
2022,5,Medford St & Broadway,42.39733605,-71.10430319,PM,67
2022,6,Willow Ave & Elm St,42.39131962,-71.11874806,AM,121
2022,6,Willow Ave & Elm St,42.39131962,-71.11874806,PM,238
2022,7,Community Path & Grove St,42.39627069,-71.1201391,AM,98
2022,7,Community Path & Grove St,42.39627069,-71.1201391,PM,112
2022,8,Community Path & Cedar St,42.39399986,-71.11109026,AM,96
2022,8,Community Path & Cedar St,42.39399986,-71.11109026,PM,135
2022,9,Community Path & Buena Vista Rd,42.3972798,-71.12462236,AM,103
2022,9,Community Path & Buena Vista Rd,42.3972798,-71.12462236,PM,49
2022,10,College Ave & Powder House Circle,42.40135813,-71.11679109,AM,77
2022,10,College Ave & Powder House Circle,42.40135813,-71.11679109,PM,104
2022,11,Holland St & Cameron Ave,42.40105859,-71.12618323,AM,77
2022,11,Holland St & Cameron Ave,42.40105859,-71.12618323,PM,95
2022,12,Broadway & McGrath Hwy,42.38968478,-71.08814248,AM,36
2022,12,Broadway & McGrath Hwy,42.38968478,-71.08814248,PM,47
2022,13,Somerville Ave & Beacon St,42.38691747,-71.11617819,AM,278
2022,13,Somerville Ave & Beacon St,42.38691747,-71.11617819,PM,395
2022,14,Concord Ave & Beacon St,42.37510621,-71.10251332,AM,332
2022,14,Concord Ave & Beacon St,42.37510621,-71.10251332,PM,376
2022,15,Washington St & Beacon St,42.37828401,-71.10636097,AM,322
2022,15,Washington St & Beacon St,42.37828401,-71.10636097,PM,508
2022,16,College Ave & Winter St,42.3970365,-71.12197029,AM,77
2022,16,College Ave & Winter St,42.3970365,-71.12197029,PM,93
2022,17,Community Path & Willow Ave,42.39520651,-71.11606173,AM,131
2022,17,Community Path & Willow Ave,42.39520651,-71.11606173,PM,185
2022,18,Cedar St & Summer St,42.39047926,-71.11361641,AM,143
2022,18,Cedar St & Summer St,42.39047926,-71.11361641,PM,58
2022,19,Washington St & Inner Belt Rd,42.38203537,-71.08153205,AM,72
2022,19,Washington St & Inner Belt Rd,42.38203537,-71.08153205,PM,90
2022,20,Highland Ave & Walnut St,42.38514096,-71.0941689,AM,19
2022,20,Highland Ave & Walnut St,42.38514096,-71.0941689,PM,28
2022,21,Rt. 28 Bridge & Shore Dr,42.39828294,-71.08448496,AM,60
2022,21,Rt. 28 Bridge & Shore Dr,42.39828294,-71.08448496,PM,61
2022,22,Powder House Blvd & North St,42.40736195,-71.13028673,AM,20
2022,22,Powder House Blvd & North St,42.40736195,-71.13028673,PM,23
2022,23,Medford St & South St,42.37415665,-71.08805346,AM,109
2022,23,Medford St & South St,42.37415665,-71.08805346,PM,99
2022,24,Joy St & Washington St,42.38066714,-71.0885851,AM,103
2022,24,Joy St & Washington St,42.38066714,-71.0885851,PM,160
2022,25,Highland Ave & Lowell St,42.39020629,-71.10795623,AM,25
2022,25,Highland Ave & Lowell St,42.39020629,-71.10795623,PM,43
2022,26,Broadway & Lombardi Way,42.38622767,-71.07881042,AM,62
2022,26,Broadway & Lombardi Way,42.38622767,-71.07881042,PM,68
2022,27,Broadway & Boston Ave,42.39966806,-71.11146775,AM,43
2022,27,Broadway & Boston Ave,42.39966806,-71.11146775,PM,74
2022,28,Broadway & Holland St,42.40304744,-71.1269899,AM,62
2022,28,Broadway & Holland St,42.40304744,-71.1269899,PM,69
2022,29,Broadway & Alewife Brook Pkwy,42.40688965,-71.13355451,AM,62
2022,29,Broadway & Alewife Brook Pkwy,42.40688965,-71.13355451,PM,58
2022,30,Dane St & Somerville Ave,42.38245449,-71.10340865,AM,137
2022,30,Dane St & Somerville Ave,42.38245449,-71.10340865,PM,181
2022,31,Foley St & Middlesex Ave,42.3926114,-71.08302332,AM,8
2022,31,Foley St & Middlesex Ave,42.3926114,-71.08302332,PM,7
2022,32,Summer St & School St,42.38436976,-71.10040705,AM,77
2022,32,Summer St & School St,42.38436976,-71.10040705,PM,91
2022,33,Temple St & Broadway,42.39262009,-71.09331378,AM,50
2022,33,Temple St & Broadway,42.39262009,-71.09331378,PM,59
2022,34,Cross St & Pearl St,42.38569813,-71.08783553,AM,51
2022,34,Cross St & Pearl St,42.38569813,-71.08783553,PM,54
2022,35,Mossland St & Somerville Ave,42.38725254,-71.11678132,AM,467
2022,35,Mossland St & Somerville Ave,42.38725254,-71.11678132,PM,397
2022,36,Boston Ave & Alewife Brook Pkwy,42.41463011,-71.13132623,AM,56
2022,36,Boston Ave & Alewife Brook Pkwy,42.41463011,-71.13132623,PM,56
2022,37,Community Path and Lowell St,42.3927529,-71.1061973,AM,61
2022,37,Community Path and Lowell St,42.3927529,-71.1061973,PM,56
2022,38,Park St and Somerville Ave,42.38319094,-71.10630682,AM,217
2022,38,Park St and Somerville Ave,42.38319094,-71.10630682,PM,318
2022,39,Somerville Ave and Medford St,42.37727277,-71.08926606,AM,96
2022,39,Somerville Ave and Medford St,42.37727277,-71.08926606,PM,136
2022,40,Central St and Somerville Junction Park,42.39025078,-71.10213192,AM,60
2022,40,Central St and Somerville Junction Park,42.39025078,-71.10213192,PM,16
2022,41,School St and Medford St,42.38913104,-71.09715578,AM,69
2022,41,School St and Medford St,42.38913104,-71.09715578,PM,110
2022,42,Foley St and Great River Rd,42.39344726,-71.07753882,AM,5
2022,42,Foley St and Great River Rd,42.39344726,-71.07753882,PM,9
2021,1,Webster Ave & Prospect St,42.37698095,-71.09558138,AM,132
2021,1,Webster Ave & Prospect St,42.37698095,-71.09558138,PM,149
2021,3,Somerville Ave & Prospect St,42.37909418,-71.09410547,AM,88
2021,3,Somerville Ave & Prospect St,42.37909418,-71.09410547,PM,125
2021,4,Somerville Ave & Elm St,42.38551922,-71.11347413,AM,102
2021,4,Somerville Ave & Elm St,42.38551922,-71.11347413,PM,131
2021,5,Medford St & Broadway,42.39733605,-71.10430319,AM,35
2021,5,Medford St & Broadway,42.39733605,-71.10430319,PM,73
2021,6,Willow Ave & Elm St,42.39131962,-71.11874806,AM,106
2021,6,Willow Ave & Elm St,42.39131962,-71.11874806,PM,167
2021,7,Community Path & Grove St,42.39627069,-71.1201391,AM,92
2021,8,Community Path & Cedar St,42.39399986,-71.11109026,AM,81
2021,8,Community Path & Cedar St,42.39399986,-71.11109026,PM,121
2021,9,Community Path & Buena Vista Rd,42.3972798,-71.12462236,PM,136
2021,10,College Ave & Powder House Circle,42.40135813,-71.11679109,AM,63
2021,10,College Ave & Powder House Circle,42.40135813,-71.11679109,PM,53
2021,11,Holland St & Cameron Ave,42.40105859,-71.12618323,AM,81
2021,11,Holland St & Cameron Ave,42.40105859,-71.12618323,PM,62
2021,12,Broadway & McGrath Hwy,42.38968478,-71.08814248,AM,49
2021,12,Broadway & McGrath Hwy,42.38968478,-71.08814248,PM,45
2021,13,Somerville Ave & Beacon St,42.38691747,-71.11617819,AM,331
2021,14,Concord Ave & Beacon St,42.37510621,-71.10251332,AM,266
2021,15,Washington St & Beacon St,42.37828401,-71.10636097,AM,224
2021,16,College Ave & Winter St,42.3970365,-71.12197029,AM,51
2021,16,College Ave & Winter St,42.3970365,-71.12197029,PM,69
2021,17,Community Path & Willow Ave,42.39520651,-71.11606173,AM,100
2021,17,Community Path & Willow Ave,42.39520651,-71.11606173,PM,191
2021,18,Cedar St & Summer St,42.39047926,-71.11361641,AM,62
2021,18,Cedar St & Summer St,42.39047926,-71.11361641,PM,61
2021,19,Washington St & Inner Belt Rd,42.38203537,-71.08153205,AM,48
2021,19,Washington St & Inner Belt Rd,42.38203537,-71.08153205,PM,57
2021,20,Highland Ave & Walnut St,42.38514096,-71.0941689,PM,33
2021,21,Rt. 28 Bridge & Shore Dr,42.39828294,-71.08448496,AM,20
2021,21,Rt. 28 Bridge & Shore Dr,42.39828294,-71.08448496,PM,55
2021,22,Powder House Blvd & North St,42.40736195,-71.13028673,AM,12
2021,22,Powder House Blvd & North St,42.40736195,-71.13028673,PM,21
2021,23,Medford St & South St,42.37415665,-71.08805346,AM,58
2021,23,Medford St & South St,42.37415665,-71.08805346,PM,92
2021,24,Joy St & Washington St,42.38066714,-71.0885851,PM,114
2021,25,Highland Ave & Lowell St,42.39020629,-71.10795623,AM,35
2021,25,Highland Ave & Lowell St,42.39020629,-71.10795623,PM,66
2021,26,Broadway & Lombardi Way,42.38622767,-71.07881042,AM,49
2021,26,Broadway & Lombardi Way,42.38622767,-71.07881042,PM,51
2021,27,Broadway & Boston Ave,42.39966806,-71.11146775,AM,24
2021,27,Broadway & Boston Ave,42.39966806,-71.11146775,PM,51
2021,28,Broadway & Holland St,42.40304744,-71.1269899,AM,63
2021,28,Broadway & Holland St,42.40304744,-71.1269899,PM,68
2021,29,Broadway & Alewife Brook Pkwy,42.40688965,-71.13355451,AM,35
2021,29,Broadway & Alewife Brook Pkwy,42.40688965,-71.13355451,PM,44
2021,30,Dane St & Somerville Ave,42.38245449,-71.10340865,PM,165
2021,31,Foley St & Middlesex Ave,42.3926114,-71.08302332,AM,6
2021,31,Foley St & Middlesex Ave,42.3926114,-71.08302332,PM,13
2021,32,Summer St & School St,42.38436976,-71.10040705,PM,83
2021,33,Temple St & Broadway,42.39262009,-71.09331378,AM,46
2021,33,Temple St & Broadway,42.39262009,-71.09331378,PM,61
2021,34,Cross St & Pearl St,42.38569813,-71.08783553,AM,44
2021,34,Cross St & Pearl St,42.38569813,-71.08783553,PM,67
2021,35,Mossland St & Somerville Ave,42.38725254,-71.11678132,AM,354
2021,36,Boston Ave & Alewife Brook Pkwy,42.41463011,-71.13132623,AM,28
2021,37,Community Path and Lowell St,42.3927529,-71.1061973,AM,43
2021,37,Community Path and Lowell St,42.3927529,-71.1061973,PM,60
2021,38,Park St and Somerville Ave,42.38319094,-71.10630682,AM,205
2021,39,Somerville Ave and Medford St,42.37727277,-71.08926606,AM,90
2021,39,Somerville Ave and Medford St,42.37727277,-71.08926606,PM,139
2021,41,School St and Medford St,42.38913104,-71.09715578,AM,26
2021,42,Foley St and Great River Rd,42.39344726,-71.07753882,AM,12
2021,42,Foley St and Great River Rd,42.39344726,-71.07753882,PM,19
2020,1,Webster Ave & Prospect St,42.37698095,-71.09558138,AM,110
2020,1,Webster Ave & Prospect St,42.37698095,-71.09558138,PM,191
2020,2,Washington St & Somerville Ave,42.37964074,-71.09641999,AM,138
2020,2,Washington St & Somerville Ave,42.37964074,-71.09641999,PM,125
2020,3,Somerville Ave & Prospect St,42.37909418,-71.09410547,AM,40
2020,3,Somerville Ave & Prospect St,42.37909418,-71.09410547,PM,62
2020,4,Somerville Ave & Elm St,42.38551922,-71.11347413,PM,83
2020,5,Medford St & Broadway,42.39733605,-71.10430319,AM,25
2020,5,Medford St & Broadway,42.39733605,-71.10430319,PM,42
2020,6,Willow Ave & Elm St,42.39131962,-71.11874806,AM,76
2020,6,Willow Ave & Elm St,42.39131962,-71.11874806,PM,176
2020,7,Community Path & Grove St,42.39627069,-71.1201391,PM,104
2020,9,Community Path & Buena Vista Rd,42.3972798,-71.12462236,AM,50
2020,9,Community Path & Buena Vista Rd,42.3972798,-71.12462236,PM,115
2020,10,College Ave & Powder House Circle,42.40135813,-71.11679109,AM,43
2020,10,College Ave & Powder House Circle,42.40135813,-71.11679109,PM,68
2020,11,Holland St & Cameron Ave,42.40105859,-71.12618323,PM,57
2020,12,Broadway & McGrath Hwy,42.38968478,-71.08814248,AM,34
2020,12,Broadway & McGrath Hwy,42.38968478,-71.08814248,PM,53
2020,13,Somerville Ave & Beacon St,42.38691747,-71.11617819,AM,204
2020,13,Somerville Ave & Beacon St,42.38691747,-71.11617819,PM,270
2020,14,Concord Ave & Beacon St,42.37510621,-71.10251332,AM,173
2020,14,Concord Ave & Beacon St,42.37510621,-71.10251332,PM,174
2020,15,Washington St & Beacon St,42.37828401,-71.10636097,PM,260
2020,16,College Ave & Winter St,42.3970365,-71.12197029,AM,61
2020,16,College Ave & Winter St,42.3970365,-71.12197029,PM,52
2020,17,Community Path & Willow Ave,42.39520651,-71.11606173,AM,43
2020,17,Community Path & Willow Ave,42.39520651,-71.11606173,PM,158
2020,18,Cedar St & Summer St,42.39047926,-71.11361641,AM,48
2020,18,Cedar St & Summer St,42.39047926,-71.11361641,PM,54
2020,19,Washington St & Inner Belt Rd,42.38203537,-71.08153205,AM,28
2020,20,Highland Ave & Walnut St,42.38514096,-71.0941689,PM,24
2020,21,Rt. 28 Bridge & Shore Dr,42.39828294,-71.08448496,AM,21
2020,21,Rt. 28 Bridge & Shore Dr,42.39828294,-71.08448496,PM,79
2020,22,Powder House Blvd & North St,42.40736195,-71.13028673,PM,31
2020,23,Medford St & South St,42.37415665,-71.08805346,AM,40
2020,23,Medford St & South St,42.37415665,-71.08805346,PM,67
2020,24,Joy St & Washington St,42.38066714,-71.0885851,AM,39
2020,24,Joy St & Washington St,42.38066714,-71.0885851,PM,81
2020,25,Highland Ave & Lowell St,42.39020629,-71.10795623,AM,23
2020,25,Highland Ave & Lowell St,42.39020629,-71.10795623,PM,67
2020,26,Broadway & Lombardi Way,42.38622767,-71.07881042,AM,38
2020,27,Broadway & Boston Ave,42.39966806,-71.11146775,AM,21
2020,27,Broadway & Boston Ave,42.39966806,-71.11146775,PM,49
2020,28,Broadway & Holland St,42.40304744,-71.1269899,PM,64
2020,29,Broadway & Alewife Brook Pkwy,42.40688965,-71.13355451,AM,63
2020,31,Foley St & Middlesex Ave,42.3926114,-71.08302332,AM,2
2020,31,Foley St & Middlesex Ave,42.3926114,-71.08302332,PM,2
2020,32,Summer St & School St,42.38436976,-71.10040705,PM,72
2020,33,Temple St & Broadway,42.39262009,-71.09331378,AM,32
2020,33,Temple St & Broadway,42.39262009,-71.09331378,PM,59
2020,34,Cross St & Pearl St,42.38569813,-71.08783553,AM,10
2020,34,Cross St & Pearl St,42.38569813,-71.08783553,PM,37
2020,35,Mossland St & Somerville Ave,42.38725254,-71.11678132,AM,209
2020,35,Mossland St & Somerville Ave,42.38725254,-71.11678132,PM,258
2020,37,Community Path and Lowell St,42.3927529,-71.1061973,PM,65
2020,38,Park St and Somerville Ave,42.38319094,-71.10630682,AM,125
2020,38,Park St and Somerville Ave,42.38319094,-71.10630682,PM,247
2020,39,Somerville Ave and Medford St,42.37727277,-71.08926606,AM,50
2020,40,Central St and Somerville Junction Park,42.39025078,-71.10213192,AM,27
2020,40,Central St and Somerville Junction Park,42.39025078,-71.10213192,PM,43
2020,41,School St and Medford St,42.38913104,-71.09715578,AM,15
2020,41,School St and Medford St,42.38913104,-71.09715578,PM,27
2020,42,Foley St and Great River Rd,42.39344726,-71.07753882,AM,6
2020,42,Foley St and Great River Rd,42.39344726,-71.07753882,PM,41
2019,1,Webster Ave & Prospect St,42.37698095,-71.09558138,AM,293
2019,1,Webster Ave & Prospect St,42.37698095,-71.09558138,PM,260
2019,2,Washington St & Somerville Ave,42.37964074,-71.09641999,AM,346
2019,2,Washington St & Somerville Ave,42.37964074,-71.09641999,PM,274
2019,3,Somerville Ave & Prospect St,42.37909418,-71.09410547,AM,77
2019,3,Somerville Ave & Prospect St,42.37909418,-71.09410547,PM,169
2019,4,Somerville Ave & Elm St,42.38551922,-71.11347413,AM,160
2019,4,Somerville Ave & Elm St,42.38551922,-71.11347413,PM,334
2019,5,Medford St & Broadway,42.39733605,-71.10430319,AM,55
2019,5,Medford St & Broadway,42.39733605,-71.10430319,PM,40
2019,6,Willow Ave & Elm St,42.39131962,-71.11874806,PM,340
2019,7,Community Path & Grove St,42.39627069,-71.1201391,AM,128
2019,7,Community Path & Grove St,42.39627069,-71.1201391,PM,101
2019,8,Community Path & Cedar St,42.39399986,-71.11109026,AM,159
2019,9,Community Path & Buena Vista Rd,42.3972798,-71.12462236,AM,63
2019,9,Community Path & Buena Vista Rd,42.3972798,-71.12462236,PM,117
2019,10,College Ave & Powder House Circle,42.40135813,-71.11679109,AM,136
2019,10,College Ave & Powder House Circle,42.40135813,-71.11679109,PM,85
2019,11,Holland St & Cameron Ave,42.40105859,-71.12618323,AM,59
2019,11,Holland St & Cameron Ave,42.40105859,-71.12618323,PM,89
2019,12,Broadway & McGrath Hwy,42.38968478,-71.08814248,AM,46
2019,12,Broadway & McGrath Hwy,42.38968478,-71.08814248,PM,33
2019,13,Somerville Ave & Beacon St,42.38691747,-71.11617819,AM,356
2019,14,Concord Ave & Beacon St,42.37510621,-71.10251332,PM,498
2019,15,Washington St & Beacon St,42.37828401,-71.10636097,AM,355
2019,15,Washington St & Beacon St,42.37828401,-71.10636097,PM,249
2019,16,College Ave & Winter St,42.3970365,-71.12197029,AM,39
2019,17,Community Path & Willow Ave,42.39520651,-71.11606173,AM,84
2019,18,Cedar St & Summer St,42.39047926,-71.11361641,AM,102
2019,18,Cedar St & Summer St,42.39047926,-71.11361641,PM,62
2019,19,Washington St & Inner Belt Rd,42.38203537,-71.08153205,AM,48
2019,19,Washington St & Inner Belt Rd,42.38203537,-71.08153205,PM,59
2019,20,Highland Ave & Walnut St,42.38514096,-71.0941689,AM,39
2019,20,Highland Ave & Walnut St,42.38514096,-71.0941689,PM,29
2019,21,Rt. 28 Bridge & Shore Dr,42.39828294,-71.08448496,AM,43
2019,21,Rt. 28 Bridge & Shore Dr,42.39828294,-71.08448496,PM,53
2019,22,Powder House Blvd & North St,42.40736195,-71.13028673,AM,30
2019,23,Medford St & South St,42.37415665,-71.08805346,AM,92
2019,23,Medford St & South St,42.37415665,-71.08805346,PM,158
2019,24,Joy St & Washington St,42.38066714,-71.0885851,PM,6
2019,25,Highland Ave & Lowell St,42.39020629,-71.10795623,AM,42
2019,25,Highland Ave & Lowell St,42.39020629,-71.10795623,PM,57
2019,26,Broadway & Lombardi Way,42.38622767,-71.07881042,PM,68
2019,27,Broadway & Boston Ave,42.39966806,-71.11146775,AM,11
2019,28,Broadway & Holland St,42.40304744,-71.1269899,AM,125
2019,28,Broadway & Holland St,42.40304744,-71.1269899,PM,113
2019,29,Broadway & Alewife Brook Pkwy,42.40688965,-71.13355451,AM,105
2019,29,Broadway & Alewife Brook Pkwy,42.40688965,-71.13355451,PM,76
2019,30,Dane St & Somerville Ave,42.38245449,-71.10340865,AM,188
2019,31,Foley St & Middlesex Ave,42.3926114,-71.08302332,AM,14
2019,31,Foley St & Middlesex Ave,42.3926114,-71.08302332,PM,14
2019,32,Summer St & School St,42.38436976,-71.10040705,AM,150
2019,32,Summer St & School St,42.38436976,-71.10040705,PM,59
2019,33,Temple St & Broadway,42.39262009,-71.09331378,AM,34
2019,33,Temple St & Broadway,42.39262009,-71.09331378,PM,52
2019,34,Cross St & Pearl St,42.38569813,-71.08783553,AM,62
2019,34,Cross St & Pearl St,42.38569813,-71.08783553,PM,74
2019,35,Mossland St & Somerville Ave,42.38725254,-71.11678132,AM,404
2019,35,Mossland St & Somerville Ave,42.38725254,-71.11678132,PM,294
2019,36,Boston Ave & Alewife Brook Pkwy,42.41463011,-71.13132623,AM,42
2019,36,Boston Ave & Alewife Brook Pkwy,42.41463011,-71.13132623,PM,38
2019,37,Community Path and Lowell St,42.3927529,-71.1061973,PM,87
2019,38,Park St and Somerville Ave,42.38319094,-71.10630682,AM,502
2019,38,Park St and Somerville Ave,42.38319094,-71.10630682,PM,248
2019,39,Somerville Ave and Medford St,42.37727277,-71.08926606,PM,225
2019,40,Central St and Somerville Junction Park,42.39025078,-71.10213192,PM,74
2019,41,School St and Medford St,42.38913104,-71.09715578,AM,54
2019,41,School St and Medford St,42.38913104,-71.09715578,PM,56
2019,42,Foley St and Great River Rd,42.39344726,-71.07753882,AM,31
2019,42,Foley St and Great River Rd,42.39344726,-71.07753882,PM,13
2018,1,Webster Ave & Prospect St,42.37698095,-71.09558138,AM,182
2018,1,Webster Ave & Prospect St,42.37698095,-71.09558138,PM,175
2018,2,Washington St & Somerville Ave,42.37964074,-71.09641999,AM,169
2018,2,Washington St & Somerville Ave,42.37964074,-71.09641999,PM,129
2018,3,Somerville Ave & Prospect St,42.37909418,-71.09410547,AM,196
2018,3,Somerville Ave & Prospect St,42.37909418,-71.09410547,PM,189
2018,4,Somerville Ave & Elm St,42.38551922,-71.11347413,AM,191
2018,4,Somerville Ave & Elm St,42.38551922,-71.11347413,PM,256
2018,5,Medford St & Broadway,42.39733605,-71.10430319,AM,19
2018,5,Medford St & Broadway,42.39733605,-71.10430319,PM,7
2018,6,Willow Ave & Elm St,42.39131962,-71.11874806,AM,119
2018,6,Willow Ave & Elm St,42.39131962,-71.11874806,PM,261
2018,7,Community Path & Grove St,42.39627069,-71.1201391,AM,96
2018,7,Community Path & Grove St,42.39627069,-71.1201391,PM,123
2018,8,Community Path & Cedar St,42.39399986,-71.11109026,AM,108
2018,8,Community Path & Cedar St,42.39399986,-71.11109026,PM,150
2018,9,Community Path & Buena Vista Rd,42.3972798,-71.12462236,AM,17
2018,9,Community Path & Buena Vista Rd,42.3972798,-71.12462236,PM,15
2018,10,College Ave & Powder House Circle,42.40135813,-71.11679109,AM,76
2018,10,College Ave & Powder House Circle,42.40135813,-71.11679109,PM,96
2018,11,Holland St & Cameron Ave,42.40105859,-71.12618323,AM,121
2018,11,Holland St & Cameron Ave,42.40105859,-71.12618323,PM,127
2018,12,Broadway & McGrath Hwy,42.38968478,-71.08814248,PM,54
2018,13,Somerville Ave & Beacon St,42.38691747,-71.11617819,AM,361
2018,13,Somerville Ave & Beacon St,42.38691747,-71.11617819,PM,330
2018,14,Concord Ave & Beacon St,42.37510621,-71.10251332,AM,169
2018,14,Concord Ave & Beacon St,42.37510621,-71.10251332,PM,357
2018,15,Washington St & Beacon St,42.37828401,-71.10636097,AM,222
2018,15,Washington St & Beacon St,42.37828401,-71.10636097,PM,172
2018,16,College Ave & Winter St,42.3970365,-71.12197029,AM,37
2018,16,College Ave & Winter St,42.3970365,-71.12197029,PM,86
2018,17,Community Path & Willow Ave,42.39520651,-71.11606173,AM,63
2018,17,Community Path & Willow Ave,42.39520651,-71.11606173,PM,42
2018,18,Cedar St & Summer St,42.39047926,-71.11361641,AM,48
2018,18,Cedar St & Summer St,42.39047926,-71.11361641,PM,43
2018,19,Washington St & Inner Belt Rd,42.38203537,-71.08153205,AM,30
2018,19,Washington St & Inner Belt Rd,42.38203537,-71.08153205,PM,53
2018,20,Highland Ave & Walnut St,42.38514096,-71.0941689,AM,16
2018,20,Highland Ave & Walnut St,42.38514096,-71.0941689,PM,45
2018,21,Rt. 28 Bridge & Shore Dr,42.39828294,-71.08448496,AM,75
2018,21,Rt. 28 Bridge & Shore Dr,42.39828294,-71.08448496,PM,61
2018,22,Powder House Blvd & North St,42.40736195,-71.13028673,AM,27
2018,22,Powder House Blvd & North St,42.40736195,-71.13028673,PM,18
2018,23,Medford St & South St,42.37415665,-71.08805346,AM,155
2018,23,Medford St & South St,42.37415665,-71.08805346,PM,221
2018,24,Joy St & Washington St,42.38066714,-71.0885851,AM,136
2018,24,Joy St & Washington St,42.38066714,-71.0885851,PM,142
2018,25,Highland Ave & Lowell St,42.39020629,-71.10795623,AM,41
2018,25,Highland Ave & Lowell St,42.39020629,-71.10795623,PM,42
2018,26,Broadway & Lombardi Way,42.38622767,-71.07881042,AM,48
2018,26,Broadway & Lombardi Way,42.38622767,-71.07881042,PM,20
2018,27,Broadway & Boston Ave,42.39966806,-71.11146775,AM,24
2018,27,Broadway & Boston Ave,42.39966806,-71.11146775,PM,48
2018,28,Broadway & Holland St,42.40304744,-71.1269899,AM,53
2018,28,Broadway & Holland St,42.40304744,-71.1269899,PM,31
2018,29,Broadway & Alewife Brook Pkwy,42.40688965,-71.13355451,AM,85
2018,29,Broadway & Alewife Brook Pkwy,42.40688965,-71.13355451,PM,58
2018,30,Dane St & Somerville Ave,42.38245449,-71.10340865,AM,260
2018,30,Dane St & Somerville Ave,42.38245449,-71.10340865,PM,168
2018,31,Foley St & Middlesex Ave,42.3926114,-71.08302332,AM,7
2018,31,Foley St & Middlesex Ave,42.3926114,-71.08302332,PM,16
2018,32,Summer St & School St,42.38436976,-71.10040705,AM,169
2018,32,Summer St & School St,42.38436976,-71.10040705,PM,103
2018,33,Temple St & Broadway,42.39262009,-71.09331378,AM,29
2018,33,Temple St & Broadway,42.39262009,-71.09331378,PM,15
2018,34,Cross St & Pearl St,42.38569813,-71.08783553,AM,54
2018,34,Cross St & Pearl St,42.38569813,-71.08783553,PM,65
2018,35,Mossland St & Somerville Ave,42.38725254,-71.11678132,PM,284
2018,36,Boston Ave & Alewife Brook Pkwy,42.41463011,-71.13132623,AM,47
2018,36,Boston Ave & Alewife Brook Pkwy,42.41463011,-71.13132623,PM,40
2018,37,Community Path and Lowell St,42.3927529,-71.1061973,AM,38
2018,37,Community Path and Lowell St,42.3927529,-71.1061973,PM,53
2018,38,Park St and Somerville Ave,42.38319094,-71.10630682,AM,337
2018,38,Park St and Somerville Ave,42.38319094,-71.10630682,PM,319
2018,39,Somerville Ave and Medford St,42.37727277,-71.08926606,AM,189
2018,39,Somerville Ave and Medford St,42.37727277,-71.08926606,PM,240
2018,40,Central St and Somerville Junction Park,42.39025078,-71.10213192,AM,53
2018,40,Central St and Somerville Junction Park,42.39025078,-71.10213192,PM,52
2018,41,School St and Medford St,42.38913104,-71.09715578,AM,30
2018,41,School St and Medford St,42.38913104,-71.09715578,PM,37
2018,42,Foley St and Great River Rd,42.39344726,-71.07753882,AM,19
2018,42,Foley St and Great River Rd,42.39344726,-71.07753882,PM,17
2017,1,Webster Ave & Prospect St,42.37698095,-71.09558138,AM,157
2017,1,Webster Ave & Prospect St,42.37698095,-71.09558138,PM,178
2017,2,Washington St & Somerville Ave,42.37964074,-71.09641999,AM,251
2017,2,Washington St & Somerville Ave,42.37964074,-71.09641999,PM,235
2017,3,Somerville Ave & Prospect St,42.37909418,-71.09410547,AM,133
2017,3,Somerville Ave & Prospect St,42.37909418,-71.09410547,PM,217
2017,4,Somerville Ave & Elm St,42.38551922,-71.11347413,AM,303
2017,4,Somerville Ave & Elm St,42.38551922,-71.11347413,PM,277
2017,5,Medford St & Broadway,42.39733605,-71.10430319,AM,35
2017,5,Medford St & Broadway,42.39733605,-71.10430319,PM,37
2017,6,Willow Ave & Elm St,42.39131962,-71.11874806,AM,204
2017,6,Willow Ave & Elm St,42.39131962,-71.11874806,PM,344
2017,7,Community Path & Grove St,42.39627069,-71.1201391,AM,116
2017,7,Community Path & Grove St,42.39627069,-71.1201391,PM,104
2017,8,Community Path & Cedar St,42.39399986,-71.11109026,AM,124
2017,8,Community Path & Cedar St,42.39399986,-71.11109026,PM,110
2017,9,Community Path & Buena Vista Rd,42.3972798,-71.12462236,AM,140
2017,9,Community Path & Buena Vista Rd,42.3972798,-71.12462236,PM,186
2017,10,College Ave & Powder House Circle,42.40135813,-71.11679109,AM,101
2017,10,College Ave & Powder House Circle,42.40135813,-71.11679109,PM,170
2017,11,Holland St & Cameron Ave,42.40105859,-71.12618323,AM,78
2017,11,Holland St & Cameron Ave,42.40105859,-71.12618323,PM,48
2017,12,Broadway & McGrath Hwy,42.38968478,-71.08814248,AM,41
2017,12,Broadway & McGrath Hwy,42.38968478,-71.08814248,PM,26
2017,13,Somerville Ave & Beacon St,42.38691747,-71.11617819,AM,280
2017,13,Somerville Ave & Beacon St,42.38691747,-71.11617819,PM,247
2017,14,Concord Ave & Beacon St,42.37510621,-71.10251332,AM,424
2017,14,Concord Ave & Beacon St,42.37510621,-71.10251332,PM,656
2017,15,Washington St & Beacon St,42.37828401,-71.10636097,AM,474
2017,15,Washington St & Beacon St,42.37828401,-71.10636097,PM,489
2017,16,College Ave & Winter St,42.3970365,-71.12197029,AM,98
2017,16,College Ave & Winter St,42.3970365,-71.12197029,PM,82
2017,17,Community Path & Willow Ave,42.39520651,-71.11606173,AM,146
2017,17,Community Path & Willow Ave,42.39520651,-71.11606173,PM,210
2017,18,Cedar St & Summer St,42.39047926,-71.11361641,AM,9
2017,18,Cedar St & Summer St,42.39047926,-71.11361641,PM,40
2017,19,Washington St & Inner Belt Rd,42.38203537,-71.08153205,AM,114
2017,19,Washington St & Inner Belt Rd,42.38203537,-71.08153205,PM,68
2017,20,Highland Ave & Walnut St,42.38514096,-71.0941689,AM,39
2017,20,Highland Ave & Walnut St,42.38514096,-71.0941689,PM,43
2017,21,Rt. 28 Bridge & Shore Dr,42.39828294,-71.08448496,AM,38
2017,21,Rt. 28 Bridge & Shore Dr,42.39828294,-71.08448496,PM,74
2017,22,Powder House Blvd & North St,42.40736195,-71.13028673,AM,39
2017,22,Powder House Blvd & North St,42.40736195,-71.13028673,PM,41
2017,23,Medford St & South St,42.37415665,-71.08805346,AM,188
2017,23,Medford St & South St,42.37415665,-71.08805346,PM,166
2017,24,Joy St & Washington St,42.38066714,-71.0885851,AM,106
2017,24,Joy St & Washington St,42.38066714,-71.0885851,PM,127
2017,25,Highland Ave & Lowell St,42.39020629,-71.10795623,AM,83
2017,25,Highland Ave & Lowell St,42.39020629,-71.10795623,PM,63
2017,26,Broadway & Lombardi Way,42.38622767,-71.07881042,AM,68
2017,26,Broadway & Lombardi Way,42.38622767,-71.07881042,PM,60
2017,27,Broadway & Boston Ave,42.39966806,-71.11146775,AM,25
2017,27,Broadway & Boston Ave,42.39966806,-71.11146775,PM,46
2017,28,Broadway & Holland St,42.40304744,-71.1269899,AM,70
2017,28,Broadway & Holland St,42.40304744,-71.1269899,PM,68
2017,29,Broadway & Alewife Brook Pkwy,42.40688965,-71.13355451,AM,104
2017,29,Broadway & Alewife Brook Pkwy,42.40688965,-71.13355451,PM,109
2017,30,Dane St & Somerville Ave,42.38245449,-71.10340865,AM,228
2017,30,Dane St & Somerville Ave,42.38245449,-71.10340865,PM,212
2017,31,Foley St & Middlesex Ave,42.3926114,-71.08302332,AM,9
2017,31,Foley St & Middlesex Ave,42.3926114,-71.08302332,PM,25
2017,32,Summer St & School St,42.38436976,-71.10040705,AM,114
2017,32,Summer St & School St,42.38436976,-71.10040705,PM,104
2017,33,Temple St & Broadway,42.39262009,-71.09331378,AM,29
2017,33,Temple St & Broadway,42.39262009,-71.09331378,PM,41
2017,34,Cross St & Pearl St,42.38569813,-71.08783553,AM,77
2017,34,Cross St & Pearl St,42.38569813,-71.08783553,PM,65
2017,35,Mossland St & Somerville Ave,42.38725254,-71.11678132,AM,385
2017,35,Mossland St & Somerville Ave,42.38725254,-71.11678132,PM,349
2017,36,Boston Ave & Alewife Brook Pkwy,42.41463011,-71.13132623,AM,34
2017,36,Boston Ave & Alewife Brook Pkwy,42.41463011,-71.13132623,PM,55
2017,37,Community Path and Lowell St,42.3927529,-71.1061973,AM,58
2017,37,Community Path and Lowell St,42.3927529,-71.1061973,PM,66
2017,38,Park St and Somerville Ave,42.38319094,-71.10630682,AM,304
2017,39,Somerville Ave and Medford St,42.37727277,-71.08926606,AM,328
2017,39,Somerville Ave and Medford St,42.37727277,-71.08926606,PM,248
2017,40,Central St and Somerville Junction Park,42.39025078,-71.10213192,AM,73
2017,40,Central St and Somerville Junction Park,42.39025078,-71.10213192,PM,63
2017,41,School St and Medford St,42.38913104,-71.09715578,AM,64
2017,41,School St and Medford St,42.38913104,-71.09715578,PM,80
2017,42,Foley St and Great River Rd,42.39344726,-71.07753882,AM,15
2017,42,Foley St and Great River Rd,42.39344726,-71.07753882,PM,21
2016,1,Webster Ave & Prospect St,42.37698095,-71.09558138,AM,173
2016,1,Webster Ave & Prospect St,42.37698095,-71.09558138,PM,163
2016,2,Washington St & Somerville Ave,42.37964074,-71.09641999,AM,402
2016,2,Washington St & Somerville Ave,42.37964074,-71.09641999,PM,163
2016,3,Somerville Ave & Prospect St,42.37909418,-71.09410547,AM,86
2016,3,Somerville Ave & Prospect St,42.37909418,-71.09410547,PM,230
2016,4,Somerville Ave & Elm St,42.38551922,-71.11347413,AM,179
2016,5,Medford St & Broadway,42.39733605,-71.10430319,AM,38
2016,5,Medford St & Broadway,42.39733605,-71.10430319,PM,23
2016,6,Willow Ave & Elm St,42.39131962,-71.11874806,AM,222
2016,6,Willow Ave & Elm St,42.39131962,-71.11874806,PM,464
2016,8,Community Path & Cedar St,42.39399986,-71.11109026,PM,82
2016,10,College Ave & Powder House Circle,42.40135813,-71.11679109,AM,70
2016,10,College Ave & Powder House Circle,42.40135813,-71.11679109,PM,51
2016,11,Holland St & Cameron Ave,42.40105859,-71.12618323,AM,216
2016,11,Holland St & Cameron Ave,42.40105859,-71.12618323,PM,226
2016,12,Broadway & McGrath Hwy,42.38968478,-71.08814248,AM,45
2016,12,Broadway & McGrath Hwy,42.38968478,-71.08814248,PM,37
2016,13,Somerville Ave & Beacon St,42.38691747,-71.11617819,AM,258
2016,14,Concord Ave & Beacon St,42.37510621,-71.10251332,AM,203
2016,14,Concord Ave & Beacon St,42.37510621,-71.10251332,PM,205
2016,15,Washington St & Beacon St,42.37828401,-71.10636097,AM,346
2016,15,Washington St & Beacon St,42.37828401,-71.10636097,PM,291
2016,16,College Ave & Winter St,42.3970365,-71.12197029,AM,50
2016,16,College Ave & Winter St,42.3970365,-71.12197029,PM,49
2016,17,Community Path & Willow Ave,42.39520651,-71.11606173,AM,134
2016,17,Community Path & Willow Ave,42.39520651,-71.11606173,PM,130
2016,18,Cedar St & Summer St,42.39047926,-71.11361641,PM,35
2016,19,Washington St & Inner Belt Rd,42.38203537,-71.08153205,AM,35
2016,19,Washington St & Inner Belt Rd,42.38203537,-71.08153205,PM,53
2016,20,Highland Ave & Walnut St,42.38514096,-71.0941689,AM,33
2016,20,Highland Ave & Walnut St,42.38514096,-71.0941689,PM,44
2016,21,Rt. 28 Bridge & Shore Dr,42.39828294,-71.08448496,AM,39
2016,21,Rt. 28 Bridge & Shore Dr,42.39828294,-71.08448496,PM,55
2016,22,Powder House Blvd & North St,42.40736195,-71.13028673,AM,18
2016,22,Powder House Blvd & North St,42.40736195,-71.13028673,PM,34
2016,23,Medford St & South St,42.37415665,-71.08805346,AM,203
2016,23,Medford St & South St,42.37415665,-71.08805346,PM,166
2016,24,Joy St & Washington St,42.38066714,-71.0885851,AM,56
2016,24,Joy St & Washington St,42.38066714,-71.0885851,PM,100
2016,25,Highland Ave & Lowell St,42.39020629,-71.10795623,AM,53
2016,25,Highland Ave & Lowell St,42.39020629,-71.10795623,PM,54
2016,26,Broadway & Lombardi Way,42.38622767,-71.07881042,AM,77
2016,26,Broadway & Lombardi Way,42.38622767,-71.07881042,PM,25
2016,27,Broadway & Boston Ave,42.39966806,-71.11146775,AM,30
2016,27,Broadway & Boston Ave,42.39966806,-71.11146775,PM,46
2016,28,Broadway & Holland St,42.40304744,-71.1269899,AM,56
2016,28,Broadway & Holland St,42.40304744,-71.1269899,PM,140
2016,29,Broadway & Alewife Brook Pkwy,42.40688965,-71.13355451,AM,61
2016,29,Broadway & Alewife Brook Pkwy,42.40688965,-71.13355451,PM,41
2016,30,Dane St & Somerville Ave,42.38245449,-71.10340865,AM,232
2016,30,Dane St & Somerville Ave,42.38245449,-71.10340865,PM,284
2016,31,Foley St & Middlesex Ave,42.3926114,-71.08302332,AM,3
2016,31,Foley St & Middlesex Ave,42.3926114,-71.08302332,PM,6
2016,32,Summer St & School St,42.38436976,-71.10040705,AM,112
2016,32,Summer St & School St,42.38436976,-71.10040705,PM,45
2016,33,Temple St & Broadway,42.39262009,-71.09331378,AM,42
2016,33,Temple St & Broadway,42.39262009,-71.09331378,PM,36
2016,34,Cross St & Pearl St,42.38569813,-71.08783553,AM,42
2016,34,Cross St & Pearl St,42.38569813,-71.08783553,PM,26
2016,35,Mossland St & Somerville Ave,42.38725254,-71.11678132,AM,429
2016,35,Mossland St & Somerville Ave,42.38725254,-71.11678132,PM,366
2016,36,Boston Ave & Alewife Brook Pkwy,42.41463011,-71.13132623,AM,34
2016,36,Boston Ave & Alewife Brook Pkwy,42.41463011,-71.13132623,PM,35
2016,37,Community Path and Lowell St,42.3927529,-71.1061973,AM,48
2016,37,Community Path and Lowell St,42.3927529,-71.1061973,PM,44
2016,38,Park St and Somerville Ave,42.38319094,-71.10630682,AM,353
2016,38,Park St and Somerville Ave,42.38319094,-71.10630682,PM,440
2016,39,Somerville Ave and Medford St,42.37727277,-71.08926606,AM,256
2016,39,Somerville Ave and Medford St,42.37727277,-71.08926606,PM,142
2015,1,Webster Ave & Prospect St,42.37698095,-71.09558138,AM,179
2015,2,Washington St & Somerville Ave,42.37964074,-71.09641999,AM,174
2015,2,Washington St & Somerville Ave,42.37964074,-71.09641999,PM,269
2015,3,Somerville Ave & Prospect St,42.37909418,-71.09410547,AM,126
2015,3,Somerville Ave & Prospect St,42.37909418,-71.09410547,PM,283
2015,4,Somerville Ave & Elm St,42.38551922,-71.11347413,AM,164
2015,4,Somerville Ave & Elm St,42.38551922,-71.11347413,PM,348
2015,5,Medford St & Broadway,42.39733605,-71.10430319,AM,54
2015,5,Medford St & Broadway,42.39733605,-71.10430319,PM,78
2015,6,Willow Ave & Elm St,42.39131962,-71.11874806,AM,189
2015,6,Willow Ave & Elm St,42.39131962,-71.11874806,PM,198
2015,7,Community Path & Grove St,42.39627069,-71.1201391,PM,94
2015,8,Community Path & Cedar St,42.39399986,-71.11109026,AM,121
2015,8,Community Path & Cedar St,42.39399986,-71.11109026,PM,102
2015,9,Community Path & Buena Vista Rd,42.3972798,-71.12462236,AM,57
2015,9,Community Path & Buena Vista Rd,42.3972798,-71.12462236,PM,104
2015,10,College Ave & Powder House Circle,42.40135813,-71.11679109,AM,126
2015,10,College Ave & Powder House Circle,42.40135813,-71.11679109,PM,189
2015,11,Holland St & Cameron Ave,42.40105859,-71.12618323,AM,190
2015,11,Holland St & Cameron Ave,42.40105859,-71.12618323,PM,141
2015,12,Broadway & McGrath Hwy,42.38968478,-71.08814248,AM,56
2015,12,Broadway & McGrath Hwy,42.38968478,-71.08814248,PM,39
2015,13,Somerville Ave & Beacon St,42.38691747,-71.11617819,AM,295
2015,13,Somerville Ave & Beacon St,42.38691747,-71.11617819,PM,234
2015,14,Concord Ave & Beacon St,42.37510621,-71.10251332,AM,311
2015,14,Concord Ave & Beacon St,42.37510621,-71.10251332,PM,289
2015,15,Washington St & Beacon St,42.37828401,-71.10636097,AM,354
2015,15,Washington St & Beacon St,42.37828401,-71.10636097,PM,300
2015,16,College Ave & Winter St,42.3970365,-71.12197029,AM,67
2015,16,College Ave & Winter St,42.3970365,-71.12197029,PM,11
2015,17,Community Path & Willow Ave,42.39520651,-71.11606173,AM,127
2015,17,Community Path & Willow Ave,42.39520651,-71.11606173,PM,209
2015,18,Cedar St & Summer St,42.39047926,-71.11361641,AM,142
2015,18,Cedar St & Summer St,42.39047926,-71.11361641,PM,46
2015,19,Washington St & Inner Belt Rd,42.38203537,-71.08153205,PM,41
2015,20,Highland Ave & Walnut St,42.38514096,-71.0941689,AM,35
2015,20,Highland Ave & Walnut St,42.38514096,-71.0941689,PM,35
2015,21,Rt. 28 Bridge & Shore Dr,42.39828294,-71.08448496,AM,27
2015,21,Rt. 28 Bridge & Shore Dr,42.39828294,-71.08448496,PM,26
2015,22,Powder House Blvd & North St,42.40736195,-71.13028673,AM,33
2015,22,Powder House Blvd & North St,42.40736195,-71.13028673,PM,24
2015,23,Medford St & South St,42.37415665,-71.08805346,AM,111
2015,23,Medford St & South St,42.37415665,-71.08805346,PM,98
2015,24,Joy St & Washington St,42.38066714,-71.0885851,AM,77
2015,24,Joy St & Washington St,42.38066714,-71.0885851,PM,94
2015,25,Highland Ave & Lowell St,42.39020629,-71.10795623,AM,51
2015,26,Broadway & Lombardi Way,42.38622767,-71.07881042,AM,56
2015,26,Broadway & Lombardi Way,42.38622767,-71.07881042,PM,29
2015,27,Broadway & Boston Ave,42.39966806,-71.11146775,AM,32
2015,27,Broadway & Boston Ave,42.39966806,-71.11146775,PM,34
2015,28,Broadway & Holland St,42.40304744,-71.1269899,AM,61
2015,28,Broadway & Holland St,42.40304744,-71.1269899,PM,73
2015,29,Broadway & Alewife Brook Pkwy,42.40688965,-71.13355451,AM,71
2015,29,Broadway & Alewife Brook Pkwy,42.40688965,-71.13355451,PM,53
2015,30,Dane St & Somerville Ave,42.38245449,-71.10340865,AM,224
2015,30,Dane St & Somerville Ave,42.38245449,-71.10340865,PM,139
2015,31,Foley St & Middlesex Ave,42.3926114,-71.08302332,AM,2
2015,31,Foley St & Middlesex Ave,42.3926114,-71.08302332,PM,26
2015,32,Summer St & School St,42.38436976,-71.10040705,AM,112
2015,32,Summer St & School St,42.38436976,-71.10040705,PM,94
2015,33,Temple St & Broadway,42.39262009,-71.09331378,AM,20
2015,34,Cross St & Pearl St,42.38569813,-71.08783553,AM,52
2015,34,Cross St & Pearl St,42.38569813,-71.08783553,PM,73
2015,35,Mossland St & Somerville Ave,42.38725254,-71.11678132,AM,566
2015,35,Mossland St & Somerville Ave,42.38725254,-71.11678132,PM,314
2015,36,Boston Ave & Alewife Brook Pkwy,42.41463011,-71.13132623,AM,24
2015,36,Boston Ave & Alewife Brook Pkwy,42.41463011,-71.13132623,PM,29
2014,1,Webster Ave & Prospect St,42.37698095,-71.09558138,AM,187
2014,1,Webster Ave & Prospect St,42.37698095,-71.09558138,PM,234
2014,2,Washington St & Somerville Ave,42.37964074,-71.09641999,AM,203
2014,2,Washington St & Somerville Ave,42.37964074,-71.09641999,PM,264
2014,3,Somerville Ave & Prospect St,42.37909418,-71.09410547,AM,116
2014,3,Somerville Ave & Prospect St,42.37909418,-71.09410547,PM,361
2014,4,Somerville Ave & Elm St,42.38551922,-71.11347413,AM,200
2014,5,Medford St & Broadway,42.39733605,-71.10430319,AM,34
2014,5,Medford St & Broadway,42.39733605,-71.10430319,PM,18
2014,6,Willow Ave & Elm St,42.39131962,-71.11874806,AM,150
2014,6,Willow Ave & Elm St,42.39131962,-71.11874806,PM,355
2014,7,Community Path & Grove St,42.39627069,-71.1201391,AM,95
2014,7,Community Path & Grove St,42.39627069,-71.1201391,PM,95
2014,8,Community Path & Cedar St,42.39399986,-71.11109026,AM,111
2014,8,Community Path & Cedar St,42.39399986,-71.11109026,PM,127
2014,9,Community Path & Buena Vista Rd,42.3972798,-71.12462236,AM,75
2014,9,Community Path & Buena Vista Rd,42.3972798,-71.12462236,PM,73
2014,10,College Ave & Powder House Circle,42.40135813,-71.11679109,AM,68
2014,10,College Ave & Powder House Circle,42.40135813,-71.11679109,PM,103
2014,11,Holland St & Cameron Ave,42.40105859,-71.12618323,AM,100
2014,11,Holland St & Cameron Ave,42.40105859,-71.12618323,PM,159
2014,12,Broadway & McGrath Hwy,42.38968478,-71.08814248,AM,35
2014,12,Broadway & McGrath Hwy,42.38968478,-71.08814248,PM,24
2014,13,Somerville Ave & Beacon St,42.38691747,-71.11617819,AM,350
2014,13,Somerville Ave & Beacon St,42.38691747,-71.11617819,PM,302
2014,14,Concord Ave & Beacon St,42.37510621,-71.10251332,AM,426
2014,14,Concord Ave & Beacon St,42.37510621,-71.10251332,PM,457
2014,15,Washington St & Beacon St,42.37828401,-71.10636097,AM,507
2014,15,Washington St & Beacon St,42.37828401,-71.10636097,PM,513
2014,16,College Ave & Winter St,42.3970365,-71.12197029,AM,55
2014,16,College Ave & Winter St,42.3970365,-71.12197029,PM,93
2014,17,Community Path & Willow Ave,42.39520651,-71.11606173,AM,122
2014,17,Community Path & Willow Ave,42.39520651,-71.11606173,PM,146
2014,18,Cedar St & Summer St,42.39047926,-71.11361641,AM,124
2014,18,Cedar St & Summer St,42.39047926,-71.11361641,PM,41
2014,19,Washington St & Inner Belt Rd,42.38203537,-71.08153205,AM,59
2014,19,Washington St & Inner Belt Rd,42.38203537,-71.08153205,PM,18
2014,20,Highland Ave & Walnut St,42.38514096,-71.0941689,AM,41
2014,20,Highland Ave & Walnut St,42.38514096,-71.0941689,PM,35
2014,21,Rt. 28 Bridge & Shore Dr,42.39828294,-71.08448496,AM,27
2014,21,Rt. 28 Bridge & Shore Dr,42.39828294,-71.08448496,PM,47
2014,22,Powder House Blvd & North St,42.40736195,-71.13028673,AM,34
2014,22,Powder House Blvd & North St,42.40736195,-71.13028673,PM,47
2014,23,Medford St & South St,42.37415665,-71.08805346,PM,123
2014,24,Joy St & Washington St,42.38066714,-71.0885851,AM,73
2014,24,Joy St & Washington St,42.38066714,-71.0885851,PM,110
2014,25,Highland Ave & Lowell St,42.39020629,-71.10795623,AM,48
2014,25,Highland Ave & Lowell St,42.39020629,-71.10795623,PM,79
2014,26,Broadway & Lombardi Way,42.38622767,-71.07881042,AM,29
2014,26,Broadway & Lombardi Way,42.38622767,-71.07881042,PM,35
2014,27,Broadway & Boston Ave,42.39966806,-71.11146775,AM,59
2014,28,Broadway & Holland St,42.40304744,-71.1269899,AM,117
2014,28,Broadway & Holland St,42.40304744,-71.1269899,PM,141
2014,29,Broadway & Alewife Brook Pkwy,42.40688965,-71.13355451,AM,80
2014,29,Broadway & Alewife Brook Pkwy,42.40688965,-71.13355451,PM,91
2014,30,Dane St & Somerville Ave,42.38245449,-71.10340865,AM,167
2014,30,Dane St & Somerville Ave,42.38245449,-71.10340865,PM,171
2014,31,Foley St & Middlesex Ave,42.3926114,-71.08302332,AM,5
2014,31,Foley St & Middlesex Ave,42.3926114,-71.08302332,PM,7
2014,32,Summer St & School St,42.38436976,-71.10040705,AM,134
2014,33,Temple St & Broadway,42.39262009,-71.09331378,AM,30
2014,33,Temple St & Broadway,42.39262009,-71.09331378,PM,29
2014,34,Cross St & Pearl St,42.38569813,-71.08783553,AM,59
2014,34,Cross St & Pearl St,42.38569813,-71.08783553,PM,43
2014,35,Mossland St & Somerville Ave,42.38725254,-71.11678132,AM,554
2014,35,Mossland St & Somerville Ave,42.38725254,-71.11678132,PM,319
2014,36,Boston Ave & Alewife Brook Pkwy,42.41463011,-71.13132623,AM,25
2014,36,Boston Ave & Alewife Brook Pkwy,42.41463011,-71.13132623,PM,24
2013,1,Webster Ave & Prospect St,42.37698095,-71.09558138,AM,222
2013,1,Webster Ave & Prospect St,42.37698095,-71.09558138,PM,145
2013,2,Washington St & Somerville Ave,42.37964074,-71.09641999,AM,226
2013,2,Washington St & Somerville Ave,42.37964074,-71.09641999,PM,264
2013,3,Somerville Ave & Prospect St,42.37909418,-71.09410547,AM,102
2013,4,Somerville Ave & Elm St,42.38551922,-71.11347413,AM,119
2013,4,Somerville Ave & Elm St,42.38551922,-71.11347413,PM,166
2013,5,Medford St & Broadway,42.39733605,-71.10430319,AM,29
2013,5,Medford St & Broadway,42.39733605,-71.10430319,PM,53
2013,6,Willow Ave & Elm St,42.39131962,-71.11874806,AM,164
2013,6,Willow Ave & Elm St,42.39131962,-71.11874806,PM,300
2013,7,Community Path & Grove St,42.39627069,-71.1201391,AM,89
2013,7,Community Path & Grove St,42.39627069,-71.1201391,PM,96
2013,8,Community Path & Cedar St,42.39399986,-71.11109026,AM,101
2013,8,Community Path & Cedar St,42.39399986,-71.11109026,PM,83
2013,9,Community Path & Buena Vista Rd,42.3972798,-71.12462236,AM,80
2013,9,Community Path & Buena Vista Rd,42.3972798,-71.12462236,PM,99
2013,10,College Ave & Powder House Circle,42.40135813,-71.11679109,AM,28
2013,10,College Ave & Powder House Circle,42.40135813,-71.11679109,PM,74
2013,11,Holland St & Cameron Ave,42.40105859,-71.12618323,AM,95
2013,11,Holland St & Cameron Ave,42.40105859,-71.12618323,PM,90
2013,12,Broadway & McGrath Hwy,42.38968478,-71.08814248,AM,29
2013,12,Broadway & McGrath Hwy,42.38968478,-71.08814248,PM,102
2013,13,Somerville Ave & Beacon St,42.38691747,-71.11617819,AM,370
2013,14,Concord Ave & Beacon St,42.37510621,-71.10251332,AM,471
2013,14,Concord Ave & Beacon St,42.37510621,-71.10251332,PM,361
2013,15,Washington St & Beacon St,42.37828401,-71.10636097,AM,453
2013,15,Washington St & Beacon St,42.37828401,-71.10636097,PM,456
2013,16,College Ave & Winter St,42.3970365,-71.12197029,AM,79
2013,16,College Ave & Winter St,42.3970365,-71.12197029,PM,89
2013,17,Community Path & Willow Ave,42.39520651,-71.11606173,AM,62
2013,17,Community Path & Willow Ave,42.39520651,-71.11606173,PM,123
2013,18,Cedar St & Summer St,42.39047926,-71.11361641,AM,135
2013,18,Cedar St & Summer St,42.39047926,-71.11361641,PM,39
2013,19,Washington St & Inner Belt Rd,42.38203537,-71.08153205,AM,45
2013,19,Washington St & Inner Belt Rd,42.38203537,-71.08153205,PM,49
2013,20,Highland Ave & Walnut St,42.38514096,-71.0941689,AM,16
2013,20,Highland Ave & Walnut St,42.38514096,-71.0941689,PM,32
2013,21,Rt. 28 Bridge & Shore Dr,42.39828294,-71.08448496,AM,21
2013,21,Rt. 28 Bridge & Shore Dr,42.39828294,-71.08448496,PM,29
2013,22,Powder House Blvd & North St,42.40736195,-71.13028673,AM,24
2013,22,Powder House Blvd & North St,42.40736195,-71.13028673,PM,22
2013,23,Medford St & South St,42.37415665,-71.08805346,AM,66
2013,23,Medford St & South St,42.37415665,-71.08805346,PM,88
2013,24,Joy St & Washington St,42.38066714,-71.0885851,AM,105
2013,24,Joy St & Washington St,42.38066714,-71.0885851,PM,99
2013,26,Broadway & Lombardi Way,42.38622767,-71.07881042,AM,53
2013,26,Broadway & Lombardi Way,42.38622767,-71.07881042,PM,19
2013,27,Broadway & Boston Ave,42.39966806,-71.11146775,AM,48
2013,27,Broadway & Boston Ave,42.39966806,-71.11146775,PM,32
2013,28,Broadway & Holland St,42.40304744,-71.1269899,AM,101
2013,28,Broadway & Holland St,42.40304744,-71.1269899,PM,94
2013,29,Broadway & Alewife Brook Pkwy,42.40688965,-71.13355451,AM,134
2013,29,Broadway & Alewife Brook Pkwy,42.40688965,-71.13355451,PM,51
2013,30,Dane St & Somerville Ave,42.38245449,-71.10340865,AM,167
2013,30,Dane St & Somerville Ave,42.38245449,-71.10340865,PM,150
2013,31,Foley St & Middlesex Ave,42.3926114,-71.08302332,AM,4
2013,31,Foley St & Middlesex Ave,42.3926114,-71.08302332,PM,7
2013,32,Summer St & School St,42.38436976,-71.10040705,AM,105
2013,32,Summer St & School St,42.38436976,-71.10040705,PM,64
2013,33,Temple St & Broadway,42.39262009,-71.09331378,AM,23
2013,33,Temple St & Broadway,42.39262009,-71.09331378,PM,22
2013,34,Cross St & Pearl St,42.38569813,-71.08783553,AM,54
2013,34,Cross St & Pearl St,42.38569813,-71.08783553,PM,48
2013,35,Mossland St & Somerville Ave,42.38725254,-71.11678132,AM,358
2013,35,Mossland St & Somerville Ave,42.38725254,-71.11678132,PM,287
2013,36,Boston Ave & Alewife Brook Pkwy,42.41463011,-71.13132623,PM,36
2012,1,Webster Ave & Prospect St,42.37698095,-71.09558138,AM,195
2012,1,Webster Ave & Prospect St,42.37698095,-71.09558138,PM,168
2012,2,Washington St & Somerville Ave,42.37964074,-71.09641999,AM,201
2012,2,Washington St & Somerville Ave,42.37964074,-71.09641999,PM,200
2012,3,Somerville Ave & Prospect St,42.37909418,-71.09410547,AM,241
2012,3,Somerville Ave & Prospect St,42.37909418,-71.09410547,PM,241
2012,4,Somerville Ave & Elm St,42.38551922,-71.11347413,AM,115
2012,4,Somerville Ave & Elm St,42.38551922,-71.11347413,PM,142
2012,5,Medford St & Broadway,42.39733605,-71.10430319,AM,21
2012,6,Willow Ave & Elm St,42.39131962,-71.11874806,AM,62
2012,6,Willow Ave & Elm St,42.39131962,-71.11874806,PM,192
2012,7,Community Path & Grove St,42.39627069,-71.1201391,AM,59
2012,7,Community Path & Grove St,42.39627069,-71.1201391,PM,61
2012,8,Community Path & Cedar St,42.39399986,-71.11109026,AM,84
2012,8,Community Path & Cedar St,42.39399986,-71.11109026,PM,47
2012,9,Community Path & Buena Vista Rd,42.3972798,-71.12462236,AM,57
2012,9,Community Path & Buena Vista Rd,42.3972798,-71.12462236,PM,39
2012,10,College Ave & Powder House Circle,42.40135813,-71.11679109,AM,65
2012,10,College Ave & Powder House Circle,42.40135813,-71.11679109,PM,90
2012,11,Holland St & Cameron Ave,42.40105859,-71.12618323,AM,79
2012,12,Broadway & McGrath Hwy,42.38968478,-71.08814248,AM,30
2012,12,Broadway & McGrath Hwy,42.38968478,-71.08814248,PM,35
2012,13,Somerville Ave & Beacon St,42.38691747,-71.11617819,AM,370
2012,13,Somerville Ave & Beacon St,42.38691747,-71.11617819,PM,303
2012,14,Concord Ave & Beacon St,42.37510621,-71.10251332,AM,497
2012,14,Concord Ave & Beacon St,42.37510621,-71.10251332,PM,357
2012,15,Washington St & Beacon St,42.37828401,-71.10636097,AM,393
2012,15,Washington St & Beacon St,42.37828401,-71.10636097,PM,343
2012,16,College Ave & Winter St,42.3970365,-71.12197029,AM,65
2012,16,College Ave & Winter St,42.3970365,-71.12197029,PM,91
2012,17,Community Path & Willow Ave,42.39520651,-71.11606173,AM,60
2012,18,Cedar St & Summer St,42.39047926,-71.11361641,AM,57
2012,18,Cedar St & Summer St,42.39047926,-71.11361641,PM,62
2012,19,Washington St & Inner Belt Rd,42.38203537,-71.08153205,AM,38
2012,19,Washington St & Inner Belt Rd,42.38203537,-71.08153205,PM,41
2012,20,Highland Ave & Walnut St,42.38514096,-71.0941689,PM,36
2012,21,Rt. 28 Bridge & Shore Dr,42.39828294,-71.08448496,AM,21
2012,21,Rt. 28 Bridge & Shore Dr,42.39828294,-71.08448496,PM,54
2012,22,Powder House Blvd & North St,42.40736195,-71.13028673,AM,15
2012,22,Powder House Blvd & North St,42.40736195,-71.13028673,PM,28
2012,23,Medford St & South St,42.37415665,-71.08805346,AM,97
2012,23,Medford St & South St,42.37415665,-71.08805346,PM,86
2012,24,Joy St & Washington St,42.38066714,-71.0885851,AM,66
2012,24,Joy St & Washington St,42.38066714,-71.0885851,PM,78
2012,25,Highland Ave & Lowell St,42.39020629,-71.10795623,AM,38
2012,25,Highland Ave & Lowell St,42.39020629,-71.10795623,PM,57
2012,26,Broadway & Lombardi Way,42.38622767,-71.07881042,AM,27
2012,26,Broadway & Lombardi Way,42.38622767,-71.07881042,PM,35
2012,27,Broadway & Boston Ave,42.39966806,-71.11146775,AM,34
2012,27,Broadway & Boston Ave,42.39966806,-71.11146775,PM,53
2012,28,Broadway & Holland St,42.40304744,-71.1269899,AM,71
2012,28,Broadway & Holland St,42.40304744,-71.1269899,PM,99
2012,29,Broadway & Alewife Brook Pkwy,42.40688965,-71.13355451,AM,51
2012,30,Dane St & Somerville Ave,42.38245449,-71.10340865,PM,117
2012,31,Foley St & Middlesex Ave,42.3926114,-71.08302332,AM,4
2012,31,Foley St & Middlesex Ave,42.3926114,-71.08302332,PM,5
2012,32,Summer St & School St,42.38436976,-71.10040705,AM,54
2012,33,Temple St & Broadway,42.39262009,-71.09331378,AM,4
2012,33,Temple St & Broadway,42.39262009,-71.09331378,PM,30
2012,34,Cross St & Pearl St,42.38569813,-71.08783553,AM,37
2012,34,Cross St & Pearl St,42.38569813,-71.08783553,PM,0
2012,35,Mossland St & Somerville Ave,42.38725254,-71.11678132,AM,274
2012,35,Mossland St & Somerville Ave,42.38725254,-71.11678132,PM,221
2012,36,Boston Ave & Alewife Brook Pkwy,42.41463011,-71.13132623,PM,19
2011,1,Webster Ave & Prospect St,42.37698095,-71.09558138,AM,90
2011,1,Webster Ave & Prospect St,42.37698095,-71.09558138,PM,85
2011,2,Washington St & Somerville Ave,42.37964074,-71.09641999,AM,135
2011,2,Washington St & Somerville Ave,42.37964074,-71.09641999,PM,61
2011,3,Somerville Ave & Prospect St,42.37909418,-71.09410547,AM,67
2011,3,Somerville Ave & Prospect St,42.37909418,-71.09410547,PM,145
2011,4,Somerville Ave & Elm St,42.38551922,-71.11347413,AM,107
2011,4,Somerville Ave & Elm St,42.38551922,-71.11347413,PM,107
2011,5,Medford St & Broadway,42.39733605,-71.10430319,AM,11
2011,5,Medford St & Broadway,42.39733605,-71.10430319,PM,2
2011,6,Willow Ave & Elm St,42.39131962,-71.11874806,AM,82
2011,6,Willow Ave & Elm St,42.39131962,-71.11874806,PM,177
2011,7,Community Path & Grove St,42.39627069,-71.1201391,AM,45
2011,7,Community Path & Grove St,42.39627069,-71.1201391,PM,30
2011,8,Community Path & Cedar St,42.39399986,-71.11109026,AM,103
2011,8,Community Path & Cedar St,42.39399986,-71.11109026,PM,55
2011,9,Community Path & Buena Vista Rd,42.3972798,-71.12462236,AM,44
2011,9,Community Path & Buena Vista Rd,42.3972798,-71.12462236,PM,49
2011,10,College Ave & Powder House Circle,42.40135813,-71.11679109,AM,48
2011,10,College Ave & Powder House Circle,42.40135813,-71.11679109,PM,68
2011,11,Holland St & Cameron Ave,42.40105859,-71.12618323,AM,50
2011,11,Holland St & Cameron Ave,42.40105859,-71.12618323,PM,57
2011,13,Somerville Ave & Beacon St,42.38691747,-71.11617819,AM,194
2011,13,Somerville Ave & Beacon St,42.38691747,-71.11617819,PM,216
2011,14,Concord Ave & Beacon St,42.37510621,-71.10251332,AM,126
2011,14,Concord Ave & Beacon St,42.37510621,-71.10251332,PM,211
2011,15,Washington St & Beacon St,42.37828401,-71.10636097,AM,250
2011,15,Washington St & Beacon St,42.37828401,-71.10636097,PM,264
2011,16,College Ave & Winter St,42.3970365,-71.12197029,AM,45
2011,16,College Ave & Winter St,42.3970365,-71.12197029,PM,38
2011,17,Community Path & Willow Ave,42.39520651,-71.11606173,AM,54
2011,17,Community Path & Willow Ave,42.39520651,-71.11606173,PM,97
2011,18,Cedar St & Summer St,42.39047926,-71.11361641,AM,64
2011,18,Cedar St & Summer St,42.39047926,-71.11361641,PM,46
2011,19,Washington St & Inner Belt Rd,42.38203537,-71.08153205,AM,21
2011,19,Washington St & Inner Belt Rd,42.38203537,-71.08153205,PM,33
2011,20,Highland Ave & Walnut St,42.38514096,-71.0941689,AM,101
2011,20,Highland Ave & Walnut St,42.38514096,-71.0941689,PM,25
2011,21,Rt. 28 Bridge & Shore Dr,42.39828294,-71.08448496,AM,14
2011,22,Powder House Blvd & North St,42.40736195,-71.13028673,AM,7
2011,23,Medford St & South St,42.37415665,-71.08805346,AM,61
2011,23,Medford St & South St,42.37415665,-71.08805346,PM,60
2011,24,Joy St & Washington St,42.38066714,-71.0885851,AM,45
2011,24,Joy St & Washington St,42.38066714,-71.0885851,PM,59
2011,25,Highland Ave & Lowell St,42.39020629,-71.10795623,AM,59
2011,25,Highland Ave & Lowell St,42.39020629,-71.10795623,PM,42
2011,26,Broadway & Lombardi Way,42.38622767,-71.07881042,PM,14
2011,27,Broadway & Boston Ave,42.39966806,-71.11146775,AM,31
2011,27,Broadway & Boston Ave,42.39966806,-71.11146775,PM,44
2011,28,Broadway & Holland St,42.40304744,-71.1269899,AM,49
2011,28,Broadway & Holland St,42.40304744,-71.1269899,PM,48
2011,29,Broadway & Alewife Brook Pkwy,42.40688965,-71.13355451,AM,38
2011,29,Broadway & Alewife Brook Pkwy,42.40688965,-71.13355451,PM,35
2011,30,Dane St & Somerville Ave,42.38245449,-71.10340865,AM,65
2011,30,Dane St & Somerville Ave,42.38245449,-71.10340865,PM,89
2011,32,Summer St & School St,42.38436976,-71.10040705,AM,61
2011,32,Summer St & School St,42.38436976,-71.10040705,PM,65
2011,33,Temple St & Broadway,42.39262009,-71.09331378,AM,10
2011,34,Cross St & Pearl St,42.38569813,-71.08783553,AM,17
2011,34,Cross St & Pearl St,42.38569813,-71.08783553,PM,14
2011,35,Mossland St & Somerville Ave,42.38725254,-71.11678132,AM,340
2011,35,Mossland St & Somerville Ave,42.38725254,-71.11678132,PM,100
2011,36,Boston Ave & Alewife Brook Pkwy,42.41463011,-71.13132623,AM,11
2010,1,Webster Ave & Prospect St,42.37698095,-71.09558138,AM,67
2010,1,Webster Ave & Prospect St,42.37698095,-71.09558138,PM,110
2010,2,Washington St & Somerville Ave,42.37964074,-71.09641999,AM,123
2010,2,Washington St & Somerville Ave,42.37964074,-71.09641999,PM,119
2010,3,Somerville Ave & Prospect St,42.37909418,-71.09410547,AM,41
2010,3,Somerville Ave & Prospect St,42.37909418,-71.09410547,PM,81
2010,4,Somerville Ave & Elm St,42.38551922,-71.11347413,AM,60
2010,4,Somerville Ave & Elm St,42.38551922,-71.11347413,PM,65
2010,5,Medford St & Broadway,42.39733605,-71.10430319,AM,23
2010,5,Medford St & Broadway,42.39733605,-71.10430319,PM,34
2010,6,Willow Ave & Elm St,42.39131962,-71.11874806,AM,62
2010,6,Willow Ave & Elm St,42.39131962,-71.11874806,PM,146
2010,7,Community Path & Grove St,42.39627069,-71.1201391,AM,37
2010,7,Community Path & Grove St,42.39627069,-71.1201391,PM,73
2010,8,Community Path & Cedar St,42.39399986,-71.11109026,AM,50
2010,8,Community Path & Cedar St,42.39399986,-71.11109026,PM,34
2010,9,Community Path & Buena Vista Rd,42.3972798,-71.12462236,AM,34
2010,9,Community Path & Buena Vista Rd,42.3972798,-71.12462236,PM,23
2010,10,College Ave & Powder House Circle,42.40135813,-71.11679109,AM,36
2010,10,College Ave & Powder House Circle,42.40135813,-71.11679109,PM,74
2010,11,Holland St & Cameron Ave,42.40105859,-71.12618323,AM,65
2010,11,Holland St & Cameron Ave,42.40105859,-71.12618323,PM,53
2010,12,Broadway & McGrath Hwy,42.38968478,-71.08814248,AM,26
2010,12,Broadway & McGrath Hwy,42.38968478,-71.08814248,PM,25
2010,13,Somerville Ave & Beacon St,42.38691747,-71.11617819,AM,248
2010,13,Somerville Ave & Beacon St,42.38691747,-71.11617819,PM,130
2010,14,Concord Ave & Beacon St,42.37510621,-71.10251332,AM,218
2010,14,Concord Ave & Beacon St,42.37510621,-71.10251332,PM,141
2010,15,Washington St & Beacon St,42.37828401,-71.10636097,AM,99
2010,15,Washington St & Beacon St,42.37828401,-71.10636097,PM,110
2010,16,College Ave & Winter St,42.3970365,-71.12197029,AM,108
2010,16,College Ave & Winter St,42.3970365,-71.12197029,PM,103
2010,17,Community Path & Willow Ave,42.39520651,-71.11606173,AM,92
2010,17,Community Path & Willow Ave,42.39520651,-71.11606173,PM,106
2010,18,Cedar St & Summer St,42.39047926,-71.11361641,AM,16
2010,18,Cedar St & Summer St,42.39047926,-71.11361641,PM,47
2010,19,Washington St & Inner Belt Rd,42.38203537,-71.08153205,AM,19
2010,19,Washington St & Inner Belt Rd,42.38203537,-71.08153205,PM,23
2010,20,Highland Ave & Walnut St,42.38514096,-71.0941689,AM,6
2010,20,Highland Ave & Walnut St,42.38514096,-71.0941689,PM,11
2010,21,Rt. 28 Bridge & Shore Dr,42.39828294,-71.08448496,AM,16
2010,21,Rt. 28 Bridge & Shore Dr,42.39828294,-71.08448496,PM,17
2010,22,Powder House Blvd & North St,42.40736195,-71.13028673,AM,13
2010,22,Powder House Blvd & North St,42.40736195,-71.13028673,PM,18
2010,23,Medford St & South St,42.37415665,-71.08805346,AM,58
2010,23,Medford St & South St,42.37415665,-71.08805346,PM,66
2010,24,Joy St & Washington St,42.38066714,-71.0885851,AM,64
2010,24,Joy St & Washington St,42.38066714,-71.0885851,PM,50
2010,25,Highland Ave & Lowell St,42.39020629,-71.10795623,AM,36
2010,25,Highland Ave & Lowell St,42.39020629,-71.10795623,PM,33
2010,26,Broadway & Lombardi Way,42.38622767,-71.07881042,AM,22
2010,26,Broadway & Lombardi Way,42.38622767,-71.07881042,PM,7
2010,27,Broadway & Boston Ave,42.39966806,-71.11146775,AM,27
2010,27,Broadway & Boston Ave,42.39966806,-71.11146775,PM,35
2010,28,Broadway & Holland St,42.40304744,-71.1269899,AM,20
2010,28,Broadway & Holland St,42.40304744,-71.1269899,PM,65
2010,29,Broadway & Alewife Brook Pkwy,42.40688965,-71.13355451,AM,26
2010,29,Broadway & Alewife Brook Pkwy,42.40688965,-71.13355451,PM,22
2010,30,Dane St & Somerville Ave,42.38245449,-71.10340865,AM,74
2010,30,Dane St & Somerville Ave,42.38245449,-71.10340865,PM,59
2010,31,Foley St & Middlesex Ave,42.3926114,-71.08302332,AM,12
2010,31,Foley St & Middlesex Ave,42.3926114,-71.08302332,PM,12
2010,32,Summer St & School St,42.38436976,-71.10040705,AM,28
2010,32,Summer St & School St,42.38436976,-71.10040705,PM,16
2010,33,Temple St & Broadway,42.39262009,-71.09331378,AM,25
2010,33,Temple St & Broadway,42.39262009,-71.09331378,PM,17
2010,34,Cross St & Pearl St,42.38569813,-71.08783553,AM,18
2010,34,Cross St & Pearl St,42.38569813,-71.08783553,PM,48
2010,35,Mossland St & Somerville Ave,42.38725254,-71.11678132,AM,262
2010,35,Mossland St & Somerville Ave,42.38725254,-71.11678132,PM,219
2010,36,Boston Ave & Alewife Brook Pkwy,42.41463011,-71.13132623,AM,14
2010,36,Boston Ave & Alewife Brook Pkwy,42.41463011,-71.13132623,PM,29
