Year,Location #,Location Name,AM/PM,Movement,Bike,Ped
2010,1,Webster Ave & Prospect St,AM,1,1,22
2010,1,Webster Ave & Prospect St,AM,2,3,17
2010,1,Webster Ave & Prospect St,AM,3,58,59
2010,1,Webster Ave & Prospect St,AM,4,5,26
2010,2,Washington St & Somerville Ave,AM,1,73,146
2010,2,Washington St & Somerville Ave,AM,2,14,70
2010,2,Washington St & Somerville Ave,AM,3,19,43
2010,2,Washington St & Somerville Ave,AM,4,17,39
2010,3,Somerville Ave & Prospect St,AM,1,15,35
2010,3,Somerville Ave & Prospect St,AM,2,16,47
2010,3,Somerville Ave & Prospect St,AM,3,5,16
2010,3,Somerville Ave & Prospect St,AM,4,5,22
2010,4,Somerville Ave & Elm St,AM,1,7,45
2010,4,Somerville Ave & Elm St,AM,2,33,22
2010,4,Somerville Ave & Elm St,AM,3,12,117
2010,4,Somerville Ave & Elm St,AM,4,8,14
2010,5,Medford St & Broadway,AM,1,4,27
2010,5,Medford St & Broadway,AM,2,3,16
2010,5,Medford St & Broadway,AM,3,5,23
2010,5,Medford St & Broadway,AM,4,11,21
2010,6,Willow Ave & Elm St,AM,1,8,50
2010,6,Willow Ave & Elm St,AM,2,3,12
2010,6,Willow Ave & Elm St,AM,3,9,34
2010,6,Willow Ave & Elm St,AM,4,42,81
2010,7,Community Path & Grove St,AM,1,2,38
2010,7,Community Path & Grove St,AM,2,3,69
2010,7,Community Path & Grove St,AM,3,29,282
2010,7,Community Path & Grove St,AM,4,3,33
2010,8,Community Path & Cedar St,AM,1,17,81
2010,8,Community Path & Cedar St,AM,2,1,15
2010,8,Community Path & Cedar St,AM,3,14,26
2010,8,Community Path & Cedar St,AM,4,18,49
2010,9,Community Path & Buena Vista Rd,AM,1,9,1
2010,9,Community Path & Buena Vista Rd,AM,2,2,0
2010,9,Community Path & Buena Vista Rd,AM,3,10,43
2010,9,Community Path & Buena Vista Rd,AM,4,13,264
2010,10,College Ave & Powder House Circle,AM,1,6,26
2010,10,College Ave & Powder House Circle,AM,2,21,166
2010,10,College Ave & Powder House Circle,AM,3,3,13
2010,10,College Ave & Powder House Circle,AM,4,6,31
2010,11,Holland St & Cameron Ave,AM,1,8,6
2010,11,Holland St & Cameron Ave,AM,2,4,29
2010,11,Holland St & Cameron Ave,AM,3,41,264
2010,11,Holland St & Cameron Ave,AM,4,12,32
2010,12,Broadway & McGrath Hwy,AM,1,6,50
2010,12,Broadway & McGrath Hwy,AM,2,11,46
2010,12,Broadway & McGrath Hwy,AM,3,6,12
2010,12,Broadway & McGrath Hwy,AM,4,3,14
2010,13,Somerville Ave & Beacon St,AM,1,191,86
2010,13,Somerville Ave & Beacon St,AM,2,27,119
2010,13,Somerville Ave & Beacon St,AM,3,11,15
2010,13,Somerville Ave & Beacon St,AM,4,19,218
2010,14,Concord Ave & Beacon St,AM,1,6,35
2010,14,Concord Ave & Beacon St,AM,2,0,4
2010,14,Concord Ave & Beacon St,AM,3,18,42
2010,14,Concord Ave & Beacon St,AM,4,194,104
2010,15,Washington St & Beacon St,AM,1,61,62
2010,15,Washington St & Beacon St,AM,2,10,22
2010,15,Washington St & Beacon St,AM,3,14,80
2010,15,Washington St & Beacon St,AM,4,14,18
2010,16,College Ave & Winter St,AM,1,20,188
2010,16,College Ave & Winter St,AM,2,76,807
2010,16,College Ave & Winter St,AM,3,6,63
2010,16,College Ave & Winter St,AM,4,6,27
2010,17,Community Path & Willow Ave,AM,1,13,66
2010,17,Community Path & Willow Ave,AM,2,21,82
2010,17,Community Path & Willow Ave,AM,3,13,45
2010,17,Community Path & Willow Ave,AM,4,45,327
2010,18,Cedar St & Summer St,AM,1,13,55
2010,18,Cedar St & Summer St,AM,2,0,36
2010,18,Cedar St & Summer St,AM,3,3,31
2010,18,Cedar St & Summer St,AM,4,0,46
2010,19,Washington St & Inner Belt Rd,AM,1,3,10
2010,19,Washington St & Inner Belt Rd,AM,2,1,10
2010,19,Washington St & Inner Belt Rd,AM,3,7,50
2010,19,Washington St & Inner Belt Rd,AM,4,8,26
2010,20,Highland Ave & Walnut St,AM,1,1,43
2010,20,Highland Ave & Walnut St,AM,2,0,26
2010,20,Highland Ave & Walnut St,AM,3,1,67
2010,20,Highland Ave & Walnut St,AM,4,4,41
2010,21,Rt. 28 Bridge & Shore Dr,AM,1,1,3
2010,21,Rt. 28 Bridge & Shore Dr,AM,2,0,10
2010,21,Rt. 28 Bridge & Shore Dr,AM,3,10,12
2010,21,Rt. 28 Bridge & Shore Dr,AM,4,5,16
2010,22,Powder House Blvd & North St,AM,1,0,19
2010,22,Powder House Blvd & North St,AM,2,1,48
2010,22,Powder House Blvd & North St,AM,3,10,66
2010,22,Powder House Blvd & North St,AM,4,2,58
2010,23,Medford St & South St,AM,1,0,0
2010,23,Medford St & South St,AM,2,4,21
2010,23,Medford St & South St,AM,3,50,33
2010,23,Medford St & South St,AM,4,4,29
2010,24,Joy St & Washington St,AM,1,35,50
2010,24,Joy St & Washington St,AM,2,25,32
2010,24,Joy St & Washington St,AM,3,4,6
2010,24,Joy St & Washington St,AM,4,0,7
2010,25,Highland Ave & Lowell St,AM,1,15,64
2010,25,Highland Ave & Lowell St,AM,2,2,13
2010,25,Highland Ave & Lowell St,AM,3,7,46
2010,25,Highland Ave & Lowell St,AM,4,12,61
2010,26,Broadway & Lombardi Way,AM,1,6,5
2010,26,Broadway & Lombardi Way,AM,2,3,56
2010,26,Broadway & Lombardi Way,AM,3,11,151
2010,26,Broadway & Lombardi Way,AM,4,2,78
2010,27,Broadway & Boston Ave,AM,1,6,31
2010,27,Broadway & Boston Ave,AM,2,6,41
2010,27,Broadway & Boston Ave,AM,3,8,17
2010,27,Broadway & Boston Ave,AM,4,7,8
2010,28,Broadway & Holland St,AM,1,15,151
2010,28,Broadway & Holland St,AM,2,3,24
2010,28,Broadway & Holland St,AM,3,2,20
2010,28,Broadway & Holland St,AM,4,0,36
2010,29,Broadway & Alewife Brook Pkwy,AM,1,2,0
2010,29,Broadway & Alewife Brook Pkwy,AM,2,1,2
2010,29,Broadway & Alewife Brook Pkwy,AM,3,16,37
2010,29,Broadway & Alewife Brook Pkwy,AM,4,7,12
2010,30,Dane St & Somerville Ave,AM,1,29,35
2010,30,Dane St & Somerville Ave,AM,2,29,28
2010,30,Dane St & Somerville Ave,AM,3,12,26
2010,30,Dane St & Somerville Ave,AM,4,4,9
2010,31,Foley St & Middlesex Ave,AM,1,5,26
2010,31,Foley St & Middlesex Ave,AM,2,3,20
2010,31,Foley St & Middlesex Ave,AM,3,0,16
2010,31,Foley St & Middlesex Ave,AM,4,4,21
2010,32,Summer St & School St,AM,1,17,27
2010,32,Summer St & School St,AM,2,0,18
2010,32,Summer St & School St,AM,3,0,7
2010,32,Summer St & School St,AM,4,11,21
2010,33,Temple St & Broadway,AM,1,11,38
2010,33,Temple St & Broadway,AM,2,6,43
2010,33,Temple St & Broadway,AM,3,6,65
2010,33,Temple St & Broadway,AM,4,2,10
2010,34,Cross St & Pearl St,AM,1,7,20
2010,34,Cross St & Pearl St,AM,2,2,8
2010,34,Cross St & Pearl St,AM,3,6,42
2010,34,Cross St & Pearl St,AM,4,3,27
2010,35,Mossland St & Somerville Ave,AM,1,80,70
2010,35,Mossland St & Somerville Ave,AM,2,3,4
2010,35,Mossland St & Somerville Ave,AM,3,27,301
2010,35,Mossland St & Somerville Ave,AM,4,152,61
2010,36,Boston Ave & Alewife Brook Pkwy,AM,1,0,4
2010,36,Boston Ave & Alewife Brook Pkwy,AM,2,0,9
2010,36,Boston Ave & Alewife Brook Pkwy,AM,3,1,18
2010,36,Boston Ave & Alewife Brook Pkwy,AM,4,13,25
2010,1,Webster Ave & Prospect St,PM,1,12,24
2010,1,Webster Ave & Prospect St,PM,2,15,38
2010,1,Webster Ave & Prospect St,PM,3,21,39
2010,1,Webster Ave & Prospect St,PM,4,62,45
2010,2,Washington St & Somerville Ave,PM,1,30,104
2010,2,Washington St & Somerville Ave,PM,2,65,147
2010,2,Washington St & Somerville Ave,PM,3,15,64
2010,2,Washington St & Somerville Ave,PM,4,9,20
2010,3,Somerville Ave & Prospect St,PM,1,34,38
2010,3,Somerville Ave & Prospect St,PM,2,11,38
2010,3,Somerville Ave & Prospect St,PM,3,2,3
2010,3,Somerville Ave & Prospect St,PM,4,34,39
2010,4,Somerville Ave & Elm St,PM,1,22,15
2010,4,Somerville Ave & Elm St,PM,2,15,43
2010,4,Somerville Ave & Elm St,PM,3,13,27
2010,4,Somerville Ave & Elm St,PM,4,15,68
2010,5,Medford St & Broadway,PM,1,6,65
2010,5,Medford St & Broadway,PM,2,8,26
2010,5,Medford St & Broadway,PM,3,13,68
2010,5,Medford St & Broadway,PM,4,7,50
2010,6,Willow Ave & Elm St,PM,1,4,35
2010,6,Willow Ave & Elm St,PM,2,36,44
2010,6,Willow Ave & Elm St,PM,3,71,140
2010,6,Willow Ave & Elm St,PM,4,35,114
2010,7,Community Path & Grove St,PM,1,15,70
2010,7,Community Path & Grove St,PM,2,12,83
2010,7,Community Path & Grove St,PM,3,13,98
2010,7,Community Path & Grove St,PM,4,33,157
2010,8,Community Path & Cedar St,PM,1,4,18
2010,8,Community Path & Cedar St,PM,2,11,42
2010,8,Community Path & Cedar St,PM,3,11,40
2010,8,Community Path & Cedar St,PM,4,8,17
2010,9,Community Path & Buena Vista Rd,PM,1,3,9
2010,9,Community Path & Buena Vista Rd,PM,2,2,4
2010,9,Community Path & Buena Vista Rd,PM,3,4,187
2010,9,Community Path & Buena Vista Rd,PM,4,14,79
2010,10,College Ave & Powder House Circle,PM,1,24,84
2010,10,College Ave & Powder House Circle,PM,2,19,78
2010,10,College Ave & Powder House Circle,PM,3,28,59
2010,10,College Ave & Powder House Circle,PM,4,3,102
2010,11,Holland St & Cameron Ave,PM,1,7,16
2010,11,Holland St & Cameron Ave,PM,2,7,24
2010,11,Holland St & Cameron Ave,PM,3,19,156
2011,34,Cross St & Pearl St,AM,4,2,17
2010,11,Holland St & Cameron Ave,PM,4,20,232
2010,12,Broadway & McGrath Hwy,PM,1,4,10
2010,12,Broadway & McGrath Hwy,PM,2,2,13
2010,12,Broadway & McGrath Hwy,PM,3,6,66
2010,12,Broadway & McGrath Hwy,PM,4,13,65
2010,13,Somerville Ave & Beacon St,PM,1,16,94
2010,13,Somerville Ave & Beacon St,PM,2,92,82
2010,13,Somerville Ave & Beacon St,PM,3,12,93
2010,13,Somerville Ave & Beacon St,PM,4,10,49
2010,14,Concord Ave & Beacon St,PM,1,4,8
2010,14,Concord Ave & Beacon St,PM,2,8,21
2010,14,Concord Ave & Beacon St,PM,3,109,107
2010,14,Concord Ave & Beacon St,PM,4,20,79
2010,15,Washington St & Beacon St,PM,1,14,33
2010,15,Washington St & Beacon St,PM,2,63,42
2010,15,Washington St & Beacon St,PM,3,11,33
2010,15,Washington St & Beacon St,PM,4,22,91
2010,16,College Ave & Winter St,PM,1,39,805
2010,16,College Ave & Winter St,PM,2,44,590
2010,16,College Ave & Winter St,PM,3,3,97
2010,16,College Ave & Winter St,PM,4,17,104
2010,17,Community Path & Willow Ave,PM,1,14,31
2010,17,Community Path & Willow Ave,PM,2,45,65
2010,17,Community Path & Willow Ave,PM,3,41,127
2010,17,Community Path & Willow Ave,PM,4,6,92
2010,18,Cedar St & Summer St,PM,1,18,44
2010,18,Cedar St & Summer St,PM,2,7,52
2010,18,Cedar St & Summer St,PM,3,6,45
2010,18,Cedar St & Summer St,PM,4,16,36
2010,19,Washington St & Inner Belt Rd,PM,1,0,13
2010,19,Washington St & Inner Belt Rd,PM,2,0,27
2010,19,Washington St & Inner Belt Rd,PM,3,10,44
2010,19,Washington St & Inner Belt Rd,PM,4,13,60
2010,20,Highland Ave & Walnut St,PM,1,5,55
2010,20,Highland Ave & Walnut St,PM,2,1,36
2010,20,Highland Ave & Walnut St,PM,3,3,45
2010,20,Highland Ave & Walnut St,PM,4,2,25
2010,21,Rt. 28 Bridge & Shore Dr,PM,1,2,25
2010,21,Rt. 28 Bridge & Shore Dr,PM,2,0,6
2010,21,Rt. 28 Bridge & Shore Dr,PM,3,3,36
2010,21,Rt. 28 Bridge & Shore Dr,PM,4,12,19
2010,22,Powder House Blvd & North St,PM,1,0,9
2010,22,Powder House Blvd & North St,PM,2,2,11
2010,22,Powder House Blvd & North St,PM,3,8,31
2010,22,Powder House Blvd & North St,PM,4,8,35
2010,23,Medford St & South St,PM,1,6,14
2010,23,Medford St & South St,PM,2,1,2
2010,23,Medford St & South St,PM,3,21,38
2010,23,Medford St & South St,PM,4,38,48
2010,24,Joy St & Washington St,PM,1,24,65
2010,24,Joy St & Washington St,PM,2,23,44
2010,24,Joy St & Washington St,PM,3,0,2
2010,24,Joy St & Washington St,PM,4,3,12
2010,25,Highland Ave & Lowell St,PM,1,5,13
2010,25,Highland Ave & Lowell St,PM,2,14,39
2010,25,Highland Ave & Lowell St,PM,3,5,39
2010,25,Highland Ave & Lowell St,PM,4,9,42
2010,26,Broadway & Lombardi Way,PM,1,1,12
2010,26,Broadway & Lombardi Way,PM,2,1,10
2010,26,Broadway & Lombardi Way,PM,3,1,63
2010,26,Broadway & Lombardi Way,PM,4,4,158
2010,27,Broadway & Boston Ave,PM,1,14,92
2010,27,Broadway & Boston Ave,PM,2,8,90
2010,27,Broadway & Boston Ave,PM,3,6,23
2010,27,Broadway & Boston Ave,PM,4,7,16
2010,28,Broadway & Holland St,PM,1,20,61
2010,28,Broadway & Holland St,PM,2,29,121
2010,28,Broadway & Holland St,PM,3,5,31
2010,28,Broadway & Holland St,PM,4,11,45
2010,29,Broadway & Alewife Brook Pkwy,PM,1,3,2
2010,29,Broadway & Alewife Brook Pkwy,PM,2,2,4
2010,29,Broadway & Alewife Brook Pkwy,PM,3,6,19
2010,29,Broadway & Alewife Brook Pkwy,PM,4,11,38
2010,30,Dane St & Somerville Ave,PM,1,23,45
2010,30,Dane St & Somerville Ave,PM,2,26,60
2010,30,Dane St & Somerville Ave,PM,3,2,15
2010,30,Dane St & Somerville Ave,PM,4,8,20
2010,31,Foley St & Middlesex Ave,PM,1,3,23
2010,31,Foley St & Middlesex Ave,PM,2,3,23
2010,31,Foley St & Middlesex Ave,PM,3,3,17
2010,31,Foley St & Middlesex Ave,PM,4,3,21
2010,32,Summer St & School St,PM,1,0,20
2010,32,Summer St & School St,PM,2,0,16
2010,32,Summer St & School St,PM,3,13,34
2010,32,Summer St & School St,PM,4,3,16
2010,33,Temple St & Broadway,PM,1,2,63
2010,33,Temple St & Broadway,PM,2,7,66
2010,33,Temple St & Broadway,PM,3,4,57
2010,33,Temple St & Broadway,PM,4,4,46
2010,34,Cross St & Pearl St,PM,1,11,95
2010,34,Cross St & Pearl St,PM,2,19,82
2010,34,Cross St & Pearl St,PM,3,10,35
2010,34,Cross St & Pearl St,PM,4,8,31
2010,35,Mossland St & Somerville Ave,PM,1,32,29
2010,35,Mossland St & Somerville Ave,PM,2,21,23
2010,35,Mossland St & Somerville Ave,PM,3,113,113
2010,35,Mossland St & Somerville Ave,PM,4,53,181
2010,36,Boston Ave & Alewife Brook Pkwy,PM,1,1,13
2010,36,Boston Ave & Alewife Brook Pkwy,PM,2,6,11
2010,36,Boston Ave & Alewife Brook Pkwy,PM,3,17,27
2010,36,Boston Ave & Alewife Brook Pkwy,PM,4,5,27
2011,1,Webster Ave & Prospect St,AM,1,12,15
2011,1,Webster Ave & Prospect St,AM,2,4,14
2011,1,Webster Ave & Prospect St,AM,3,71,34
2011,1,Webster Ave & Prospect St,AM,4,3,24
2011,2,Washington St & Somerville Ave,AM,1,95,128
2011,2,Washington St & Somerville Ave,AM,2,10,51
2011,2,Washington St & Somerville Ave,AM,3,11,64
2011,2,Washington St & Somerville Ave,AM,4,19,40
2011,3,Somerville Ave & Prospect St,AM,1,12,38
2011,3,Somerville Ave & Prospect St,AM,2,32,51
2011,3,Somerville Ave & Prospect St,AM,3,4,33
2011,3,Somerville Ave & Prospect St,AM,4,19,18
2011,4,Somerville Ave & Elm St,AM,1,51,21
2011,4,Somerville Ave & Elm St,AM,2,17,47
2011,4,Somerville Ave & Elm St,AM,3,18,40
2011,4,Somerville Ave & Elm St,AM,4,21,74
2011,5,Medford St & Broadway,AM,1,0,11
2011,5,Medford St & Broadway,AM,2,0,17
2011,5,Medford St & Broadway,AM,3,2,23
2011,5,Medford St & Broadway,AM,4,9,16
2011,6,Willow Ave & Elm St,AM,1,8,50
2011,6,Willow Ave & Elm St,AM,2,1,1
2011,6,Willow Ave & Elm St,AM,3,8,31
2011,6,Willow Ave & Elm St,AM,4,65,57
2011,7,Community Path & Grove St,AM,1,5,42
2011,7,Community Path & Grove St,AM,2,19,57
2011,7,Community Path & Grove St,AM,3,20,320
2011,7,Community Path & Grove St,AM,4,1,38
2011,8,Community Path & Cedar St,AM,1,34,136
2011,8,Community Path & Cedar St,AM,2,8,35
2011,8,Community Path & Cedar St,AM,3,45,51
2011,8,Community Path & Cedar St,AM,4,16,73
2011,9,Community Path & Buena Vista Rd,AM,1,5,4
2011,9,Community Path & Buena Vista Rd,AM,2,4,4
2011,9,Community Path & Buena Vista Rd,AM,3,18,63
2011,9,Community Path & Buena Vista Rd,AM,4,17,287
2011,10,College Ave & Powder House Circle,AM,1,14,38
2011,10,College Ave & Powder House Circle,AM,2,6,32
2011,10,College Ave & Powder House Circle,AM,3,28,35
2011,10,College Ave & Powder House Circle,AM,4,0,18
2011,11,Holland St & Cameron Ave,AM,1,4,10
2011,11,Holland St & Cameron Ave,AM,2,4,36
2011,11,Holland St & Cameron Ave,AM,3,36,261
2011,11,Holland St & Cameron Ave,AM,4,6,40
2011,12,Broadway & McGrath Hwy,AM,1,,
2011,12,Broadway & McGrath Hwy,AM,2,,
2011,12,Broadway & McGrath Hwy,AM,3,,
2011,12,Broadway & McGrath Hwy,AM,4,,
2011,13,Somerville Ave & Beacon St,AM,1,131,55
2011,13,Somerville Ave & Beacon St,AM,2,11,108
2011,13,Somerville Ave & Beacon St,AM,3,32,28
2011,13,Somerville Ave & Beacon St,AM,4,20,193
2011,14,Concord Ave & Beacon St,AM,1,3,9
2011,14,Concord Ave & Beacon St,AM,2,6,14
2011,14,Concord Ave & Beacon St,AM,3,11,18
2011,14,Concord Ave & Beacon St,AM,4,106,68
2011,15,Washington St & Beacon St,AM,1,30,34
2011,15,Washington St & Beacon St,AM,2,160,42
2011,15,Washington St & Beacon St,AM,3,10,24
2011,15,Washington St & Beacon St,AM,4,50,106
2011,16,College Ave & Winter St,AM,1,4,86
2011,16,College Ave & Winter St,AM,2,40,673
2011,16,College Ave & Winter St,AM,3,0,20
2011,16,College Ave & Winter St,AM,4,1,15
2011,17,Community Path & Willow Ave,AM,1,9,50
2011,17,Community Path & Willow Ave,AM,2,16,28
2011,17,Community Path & Willow Ave,AM,3,3,25
2011,17,Community Path & Willow Ave,AM,4,26,181
2011,18,Cedar St & Summer St,AM,1,50,107
2011,18,Cedar St & Summer St,AM,2,0,10
2011,18,Cedar St & Summer St,AM,3,9,94
2011,18,Cedar St & Summer St,AM,4,5,23
2011,19,Washington St & Inner Belt Rd,AM,1,1,9
2011,19,Washington St & Inner Belt Rd,AM,2,0,6
2011,19,Washington St & Inner Belt Rd,AM,3,10,43
2011,19,Washington St & Inner Belt Rd,AM,4,10,45
2011,20,Highland Ave & Walnut St,AM,1,26,11
2011,20,Highland Ave & Walnut St,AM,2,25,6
2011,20,Highland Ave & Walnut St,AM,3,17,5
2011,20,Highland Ave & Walnut St,AM,4,33,1
2011,21,Rt. 28 Bridge & Shore Dr,AM,1,1,6
2011,21,Rt. 28 Bridge & Shore Dr,AM,2,1,10
2011,21,Rt. 28 Bridge & Shore Dr,AM,3,8,9
2011,21,Rt. 28 Bridge & Shore Dr,AM,4,4,17
2011,22,Powder House Blvd & North St,AM,1,2,15
2011,22,Powder House Blvd & North St,AM,2,1,27
2011,22,Powder House Blvd & North St,AM,3,3,26
2011,22,Powder House Blvd & North St,AM,4,1,9
2011,23,Medford St & South St,AM,1,3,5
2011,23,Medford St & South St,AM,2,2,7
2011,23,Medford St & South St,AM,3,47,35
2011,23,Medford St & South St,AM,4,9,30
2011,24,Joy St & Washington St,AM,1,30,50
2011,24,Joy St & Washington St,AM,2,15,47
2011,24,Joy St & Washington St,AM,3,0,7
2011,24,Joy St & Washington St,AM,4,0,7
2011,25,Highland Ave & Lowell St,AM,1,22,38
2011,25,Highland Ave & Lowell St,AM,2,14,71
2011,25,Highland Ave & Lowell St,AM,3,13,45
2011,25,Highland Ave & Lowell St,AM,4,10,58
2011,26,Broadway & Lombardi Way,AM,1,17,205
2011,26,Broadway & Lombardi Way,AM,2,,
2011,26,Broadway & Lombardi Way,AM,3,,
2011,26,Broadway & Lombardi Way,AM,4,,
2011,27,Broadway & Boston Ave,AM,1,10,49
2011,27,Broadway & Boston Ave,AM,2,7,88
2011,27,Broadway & Boston Ave,AM,3,7,10
2011,27,Broadway & Boston Ave,AM,4,7,8
2011,28,Broadway & Holland St,AM,1,37,222
2011,28,Broadway & Holland St,AM,2,5,28
2011,28,Broadway & Holland St,AM,3,4,11
2011,28,Broadway & Holland St,AM,4,3,18
2011,29,Broadway & Alewife Brook Pkwy,AM,1,5,13
2011,29,Broadway & Alewife Brook Pkwy,AM,2,0,12
2011,29,Broadway & Alewife Brook Pkwy,AM,3,20,65
2011,29,Broadway & Alewife Brook Pkwy,AM,4,13,16
2011,30,Dane St & Somerville Ave,AM,1,20,23
2011,30,Dane St & Somerville Ave,AM,2,28,34
2011,30,Dane St & Somerville Ave,AM,3,17,16
2011,30,Dane St & Somerville Ave,AM,4,0,10
2011,31,Foley St & Middlesex Ave,AM,1,,
2011,31,Foley St & Middlesex Ave,AM,2,,
2011,31,Foley St & Middlesex Ave,AM,3,,
2011,31,Foley St & Middlesex Ave,AM,4,,
2011,32,Summer St & School St,AM,1,32,17
2011,32,Summer St & School St,AM,2,0,15
2011,32,Summer St & School St,AM,3,1,15
2011,32,Summer St & School St,AM,4,28,42
2011,33,Temple St & Broadway,AM,1,9,36
2011,33,Temple St & Broadway,AM,2,0,39
2011,33,Temple St & Broadway,AM,3,0,18
2011,33,Temple St & Broadway,AM,4,1,13
2011,34,Cross St & Pearl St,AM,1,4,58
2011,34,Cross St & Pearl St,AM,2,5,50
2011,34,Cross St & Pearl St,AM,3,6,17
2011,35,Mossland St & Somerville Ave,AM,1,114,80
2011,35,Mossland St & Somerville Ave,AM,2,2,5
2011,35,Mossland St & Somerville Ave,AM,3,29,285
2011,35,Mossland St & Somerville Ave,AM,4,195,67
2011,36,Boston Ave & Alewife Brook Pkwy,AM,1,1,8
2011,36,Boston Ave & Alewife Brook Pkwy,AM,2,3,9
2011,36,Boston Ave & Alewife Brook Pkwy,AM,3,2,11
2011,36,Boston Ave & Alewife Brook Pkwy,AM,4,5,45
2011,1,Webster Ave & Prospect St,PM,1,9,26
2011,1,Webster Ave & Prospect St,PM,2,19,30
2011,1,Webster Ave & Prospect St,PM,3,12,30
2011,1,Webster Ave & Prospect St,PM,4,45,61
2011,2,Washington St & Somerville Ave,PM,1,26,65
2011,2,Washington St & Somerville Ave,PM,2,20,92
2011,2,Washington St & Somerville Ave,PM,3,9,49
2011,2,Washington St & Somerville Ave,PM,4,6,34
2011,3,Somerville Ave & Prospect St,PM,1,71,73
2011,3,Somerville Ave & Prospect St,PM,2,14,62
2011,3,Somerville Ave & Prospect St,PM,3,7,21
2011,3,Somerville Ave & Prospect St,PM,4,53,54
2011,4,Somerville Ave & Elm St,PM,1,51,21
2011,4,Somerville Ave & Elm St,PM,2,17,47
2011,4,Somerville Ave & Elm St,PM,3,18,40
2011,4,Somerville Ave & Elm St,PM,4,21,83
2011,5,Medford St & Broadway,PM,1,1,32
2011,5,Medford St & Broadway,PM,2,0,21
2011,5,Medford St & Broadway,PM,3,1,12
2011,5,Medford St & Broadway,PM,4,0,36
2011,6,Willow Ave & Elm St,PM,1,6,13
2011,6,Willow Ave & Elm St,PM,2,49,31
2011,6,Willow Ave & Elm St,PM,3,88,116
2011,6,Willow Ave & Elm St,PM,4,34,96
2011,7,Community Path & Grove St,PM,1,2,74
2011,7,Community Path & Grove St,PM,2,5,88
2011,7,Community Path & Grove St,PM,3,7,75
2011,7,Community Path & Grove St,PM,4,16,208
2011,8,Community Path & Cedar St,PM,1,4,55
2011,8,Community Path & Cedar St,PM,2,22,49
2011,8,Community Path & Cedar St,PM,3,22,57
2011,8,Community Path & Cedar St,PM,4,7,52
2011,9,Community Path & Buena Vista Rd,PM,1,4,10
2011,9,Community Path & Buena Vista Rd,PM,2,2,8
2011,9,Community Path & Buena Vista Rd,PM,3,19,226
2011,9,Community Path & Buena Vista Rd,PM,4,24,101
2011,10,College Ave & Powder House Circle,PM,1,17,73
2011,10,College Ave & Powder House Circle,PM,2,25,58
2011,10,College Ave & Powder House Circle,PM,3,22,81
2011,10,College Ave & Powder House Circle,PM,4,4,77
2011,11,Holland St & Cameron Ave,PM,1,4,22
2011,11,Holland St & Cameron Ave,PM,2,6,14
2011,11,Holland St & Cameron Ave,PM,3,20,115
2011,11,Holland St & Cameron Ave,PM,4,27,268
2011,12,Broadway & McGrath Hwy,PM,1,,
2011,12,Broadway & McGrath Hwy,PM,2,,
2011,12,Broadway & McGrath Hwy,PM,3,,
2011,12,Broadway & McGrath Hwy,PM,4,,
2011,13,Somerville Ave & Beacon St,PM,1,39,75
2011,13,Somerville Ave & Beacon St,PM,2,122,67
2011,13,Somerville Ave & Beacon St,PM,3,23,129
2011,13,Somerville Ave & Beacon St,PM,4,32,70
2011,14,Concord Ave & Beacon St,PM,1,3,18
2011,14,Concord Ave & Beacon St,PM,2,6,13
2011,14,Concord Ave & Beacon St,PM,3,176,143
2011,14,Concord Ave & Beacon St,PM,4,26,88
2011,15,Washington St & Beacon St,PM,1,163,95
2011,15,Washington St & Beacon St,PM,2,32,113
2011,15,Washington St & Beacon St,PM,3,48,184
2011,15,Washington St & Beacon St,PM,4,21,103
2011,16,College Ave & Winter St,PM,1,22,323
2011,16,College Ave & Winter St,PM,2,12,232
2011,16,College Ave & Winter St,PM,3,1,22
2011,16,College Ave & Winter St,PM,4,3,17
2011,17,Community Path & Willow Ave,PM,1,6,54
2011,17,Community Path & Willow Ave,PM,2,43,87
2011,17,Community Path & Willow Ave,PM,3,41,164
2011,17,Community Path & Willow Ave,PM,4,7,101
2011,18,Cedar St & Summer St,PM,1,16,41
2011,18,Cedar St & Summer St,PM,2,7,70
2011,18,Cedar St & Summer St,PM,3,11,45
2011,18,Cedar St & Summer St,PM,4,12,79
2011,19,Washington St & Inner Belt Rd,PM,1,1,7
2011,19,Washington St & Inner Belt Rd,PM,2,0,25
2011,19,Washington St & Inner Belt Rd,PM,3,17,37
2011,19,Washington St & Inner Belt Rd,PM,4,15,42
2011,20,Highland Ave & Walnut St,PM,1,13,56
2011,20,Highland Ave & Walnut St,PM,2,4,59
2011,20,Highland Ave & Walnut St,PM,3,7,36
2011,20,Highland Ave & Walnut St,PM,4,1,33
2011,21,Rt. 28 Bridge & Shore Dr,PM,1,,
2011,21,Rt. 28 Bridge & Shore Dr,PM,2,,
2011,21,Rt. 28 Bridge & Shore Dr,PM,3,,
2011,21,Rt. 28 Bridge & Shore Dr,PM,4,,
2011,22,Powder House Blvd & North St,PM,1,,
2011,22,Powder House Blvd & North St,PM,2,,
2011,22,Powder House Blvd & North St,PM,3,,
2011,22,Powder House Blvd & North St,PM,4,,
2011,23,Medford St & South St,PM,1,4,17
2011,23,Medford St & South St,PM,2,2,18
2011,23,Medford St & South St,PM,3,18,42
2011,23,Medford St & South St,PM,4,36,51
2011,24,Joy St & Washington St,PM,1,33,65
2011,24,Joy St & Washington St,PM,2,22,50
2011,24,Joy St & Washington St,PM,3,0,14
2011,24,Joy St & Washington St,PM,4,4,1
2011,25,Highland Ave & Lowell St,PM,1,12,47
2011,25,Highland Ave & Lowell St,PM,2,5,34
2011,25,Highland Ave & Lowell St,PM,3,10,46
2011,25,Highland Ave & Lowell St,PM,4,15,38
2011,26,Broadway & Lombardi Way,PM,1,0,19
2011,26,Broadway & Lombardi Way,PM,2,3,9
2011,26,Broadway & Lombardi Way,PM,3,4,84
2011,26,Broadway & Lombardi Way,PM,4,7,187
2011,27,Broadway & Boston Ave,PM,1,13,108
2011,27,Broadway & Boston Ave,PM,2,13,67
2011,27,Broadway & Boston Ave,PM,3,12,17
2011,27,Broadway & Boston Ave,PM,4,6,6
2011,28,Broadway & Holland St,PM,1,12,94
2011,28,Broadway & Holland St,PM,2,30,236
2011,28,Broadway & Holland St,PM,3,4,62
2011,28,Broadway & Holland St,PM,4,2,46
2011,29,Broadway & Alewife Brook Pkwy,PM,1,0,4
2011,29,Broadway & Alewife Brook Pkwy,PM,2,9,13
2011,29,Broadway & Alewife Brook Pkwy,PM,3,14,36
2011,29,Broadway & Alewife Brook Pkwy,PM,4,12,16
2011,30,Dane St & Somerville Ave,PM,1,39,51
2011,30,Dane St & Somerville Ave,PM,2,30,69
2011,30,Dane St & Somerville Ave,PM,3,6,15
2011,30,Dane St & Somerville Ave,PM,4,14,18
2011,31,Foley St & Middlesex Ave,PM,1,,
2011,31,Foley St & Middlesex Ave,PM,2,,
2011,31,Foley St & Middlesex Ave,PM,3,,
2011,31,Foley St & Middlesex Ave,PM,4,,
2011,32,Summer St & School St,PM,1,14,44
2011,32,Summer St & School St,PM,2,8,38
2011,32,Summer St & School St,PM,3,34,33
2011,32,Summer St & School St,PM,4,9,36
2011,33,Temple St & Broadway,PM,1,,
2011,33,Temple St & Broadway,PM,2,,
2011,33,Temple St & Broadway,PM,3,,
2011,33,Temple St & Broadway,PM,4,,
2011,34,Cross St & Pearl St,PM,1,9,47
2011,34,Cross St & Pearl St,PM,2,1,24
2011,34,Cross St & Pearl St,PM,3,0,21
2011,34,Cross St & Pearl St,PM,4,4,18
2011,35,Mossland St & Somerville Ave,PM,1,15,35
2011,35,Mossland St & Somerville Ave,PM,2,5,28
2011,35,Mossland St & Somerville Ave,PM,3,48,91
2011,35,Mossland St & Somerville Ave,PM,4,32,141
2011,36,Boston Ave & Alewife Brook Pkwy,PM,1,,
2011,36,Boston Ave & Alewife Brook Pkwy,PM,2,,
2011,36,Boston Ave & Alewife Brook Pkwy,PM,3,,
2011,36,Boston Ave & Alewife Brook Pkwy,PM,4,,
2012,1,Webster Ave & Prospect St,AM,1,26,16
2012,1,Webster Ave & Prospect St,AM,2,12,16
2012,1,Webster Ave & Prospect St,AM,3,145,48
2012,1,Webster Ave & Prospect St,AM,4,12,29
2012,2,Washington St & Somerville Ave,AM,1,146,169
2012,2,Washington St & Somerville Ave,AM,2,18,83
2012,2,Washington St & Somerville Ave,AM,3,24,96
2012,2,Washington St & Somerville Ave,AM,4,13,62
2012,3,Somerville Ave & Prospect St,AM,1,112,84
2012,3,Somerville Ave & Prospect St,AM,2,39,54
2012,3,Somerville Ave & Prospect St,AM,3,5,21
2012,3,Somerville Ave & Prospect St,AM,4,85,83
2012,4,Somerville Ave & Elm St,AM,1,20,42
2012,4,Somerville Ave & Elm St,AM,2,50,32
2012,4,Somerville Ave & Elm St,AM,3,30,128
2012,4,Somerville Ave & Elm St,AM,4,15,18
2012,5,Medford St & Broadway,AM,1,5,22
2012,5,Medford St & Broadway,AM,2,3,13
2012,5,Medford St & Broadway,AM,3,3,13
2012,5,Medford St & Broadway,AM,4,10,39
2012,6,Willow Ave & Elm St,AM,1,4,18
2012,6,Willow Ave & Elm St,AM,2,4,5
2012,6,Willow Ave & Elm St,AM,3,42,67
2012,6,Willow Ave & Elm St,AM,4,12,27
2012,7,Community Path & Grove St,AM,1,6,22
2012,7,Community Path & Grove St,AM,2,4,57
2012,7,Community Path & Grove St,AM,3,45,323
2012,7,Community Path & Grove St,AM,4,4,40
2012,8,Community Path & Cedar St,AM,1,23,128
2012,8,Community Path & Cedar St,AM,2,5,43
2012,8,Community Path & Cedar St,AM,3,34,55
2012,8,Community Path & Cedar St,AM,4,22,76
2012,9,Community Path & Buena Vista Rd,AM,1,9,1
2012,9,Community Path & Buena Vista Rd,AM,2,4,1
2012,9,Community Path & Buena Vista Rd,AM,3,20,51
2012,9,Community Path & Buena Vista Rd,AM,4,24,251
2012,10,College Ave & Powder House Circle,AM,1,21,44
2012,10,College Ave & Powder House Circle,AM,2,13,35
2012,10,College Ave & Powder House Circle,AM,3,29,35
2012,10,College Ave & Powder House Circle,AM,4,2,26
2012,11,Holland St & Cameron Ave,AM,1,8,10
2012,11,Holland St & Cameron Ave,AM,2,6,39
2012,11,Holland St & Cameron Ave,AM,3,54,302
2012,11,Holland St & Cameron Ave,AM,4,11,39
2012,12,Broadway & McGrath Hwy,AM,1,6,7
2012,12,Broadway & McGrath Hwy,AM,2,1,15
2012,12,Broadway & McGrath Hwy,AM,3,21,64
2012,12,Broadway & McGrath Hwy,AM,4,2,20
2012,13,Somerville Ave & Beacon St,AM,1,167,57
2012,13,Somerville Ave & Beacon St,AM,2,18,103
2012,13,Somerville Ave & Beacon St,AM,3,18,104
2012,13,Somerville Ave & Beacon St,AM,4,167,57
2012,14,Concord Ave & Beacon St,AM,1,29,34
2012,14,Concord Ave & Beacon St,AM,2,3,7
2012,14,Concord Ave & Beacon St,AM,3,31,42
2012,14,Concord Ave & Beacon St,AM,4,434,83
2012,15,Washington St & Beacon St,AM,1,241,51
2012,15,Washington St & Beacon St,AM,2,59,26
2012,15,Washington St & Beacon St,AM,3,77,116
2012,15,Washington St & Beacon St,AM,4,16,36
2012,16,College Ave & Winter St,AM,1,9,93
2012,16,College Ave & Winter St,AM,2,53,612
2012,16,College Ave & Winter St,AM,3,0,15
2012,16,College Ave & Winter St,AM,4,3,16
2012,17,Community Path & Willow Ave,AM,1,13,33
2012,17,Community Path & Willow Ave,AM,2,15,52
2012,17,Community Path & Willow Ave,AM,3,4,37
2012,17,Community Path & Willow Ave,AM,4,28,179
2012,18,Cedar St & Summer St,AM,1,51,97
2012,18,Cedar St & Summer St,AM,2,0,12
2012,18,Cedar St & Summer St,AM,3,4,80
2012,18,Cedar St & Summer St,AM,4,2,12
2012,19,Washington St & Inner Belt Rd,AM,1,1,9
2012,19,Washington St & Inner Belt Rd,AM,2,0,10
2012,19,Washington St & Inner Belt Rd,AM,3,19,55
2012,19,Washington St & Inner Belt Rd,AM,4,18,34
2012,20,Highland Ave & Walnut St,AM,1,,
2012,20,Highland Ave & Walnut St,AM,2,,
2012,20,Highland Ave & Walnut St,AM,3,,
2012,20,Highland Ave & Walnut St,AM,4,,
2012,21,Rt. 28 Bridge & Shore Dr,AM,1,4,4
2012,21,Rt. 28 Bridge & Shore Dr,AM,2,0,8
2012,21,Rt. 28 Bridge & Shore Dr,AM,3,10,19
2012,21,Rt. 28 Bridge & Shore Dr,AM,4,7,18
2012,22,Powder House Blvd & North St,AM,1,3,5
2012,22,Powder House Blvd & North St,AM,2,1,49
2012,22,Powder House Blvd & North St,AM,3,10,65
2012,22,Powder House Blvd & North St,AM,4,1,93
2012,23,Medford St & South St,AM,1,6,7
2012,23,Medford St & South St,AM,2,3,10
2012,23,Medford St & South St,AM,3,77,32
2012,23,Medford St & South St,AM,4,11,22
2012,24,Joy St & Washington St,AM,1,37,59
2012,24,Joy St & Washington St,AM,2,22,49
2012,24,Joy St & Washington St,AM,3,2,5
2012,24,Joy St & Washington St,AM,4,5,6
2012,25,Highland Ave & Lowell St,AM,1,2,46
2012,25,Highland Ave & Lowell St,AM,2,4,18
2012,25,Highland Ave & Lowell St,AM,3,19,55
2012,25,Highland Ave & Lowell St,AM,4,13,57
2012,26,Broadway & Lombardi Way,AM,1,8,6
2012,26,Broadway & Lombardi Way,AM,2,5,14
2012,26,Broadway & Lombardi Way,AM,3,12,179
2012,26,Broadway & Lombardi Way,AM,4,2,56
2012,27,Broadway & Boston Ave,AM,1,11,55
2012,27,Broadway & Boston Ave,AM,2,7,61
2012,27,Broadway & Boston Ave,AM,3,10,17
2012,27,Broadway & Boston Ave,AM,4,6,9
2012,28,Broadway & Holland St,AM,1,53,185
2012,28,Broadway & Holland St,AM,2,5,28
2012,28,Broadway & Holland St,AM,3,7,11
2012,28,Broadway & Holland St,AM,4,6,18
2012,29,Broadway & Alewife Brook Pkwy,AM,1,12,14
2012,29,Broadway & Alewife Brook Pkwy,AM,2,2,3
2012,29,Broadway & Alewife Brook Pkwy,AM,3,25,33
2012,29,Broadway & Alewife Brook Pkwy,AM,4,12,6
2012,30,Dane St & Somerville Ave,AM,1,,
2012,30,Dane St & Somerville Ave,AM,2,,
2012,30,Dane St & Somerville Ave,AM,3,,
2012,30,Dane St & Somerville Ave,AM,4,,
2012,31,Foley St & Middlesex Ave,AM,1,0,3
2012,31,Foley St & Middlesex Ave,AM,2,2,10
2012,31,Foley St & Middlesex Ave,AM,3,2,11
2012,31,Foley St & Middlesex Ave,AM,4,0,1
2012,32,Summer St & School St,AM,1,23,22
2012,32,Summer St & School St,AM,2,0,19
2012,32,Summer St & School St,AM,3,26,42
2012,32,Summer St & School St,AM,4,5,22
2012,33,Temple St & Broadway,AM,1,2,25
2012,33,Temple St & Broadway,AM,2,1,26
2012,33,Temple St & Broadway,AM,3,1,70
2012,33,Temple St & Broadway,AM,4,0,7
2012,34,Cross St & Pearl St,AM,1,21,91
2012,34,Cross St & Pearl St,AM,2,7,78
2012,34,Cross St & Pearl St,AM,3,3,63
2012,34,Cross St & Pearl St,AM,4,6,34
2012,35,Mossland St & Somerville Ave,AM,1,62,101
2012,35,Mossland St & Somerville Ave,AM,2,1,11
2012,35,Mossland St & Somerville Ave,AM,3,35,227
2012,35,Mossland St & Somerville Ave,AM,4,176,93
2012,36,Boston Ave & Alewife Brook Pkwy,AM,1,,
2012,36,Boston Ave & Alewife Brook Pkwy,AM,2,,
2012,36,Boston Ave & Alewife Brook Pkwy,AM,3,,
2012,36,Boston Ave & Alewife Brook Pkwy,AM,4,,
2012,1,Webster Ave & Prospect St,PM,1,17,22
2012,1,Webster Ave & Prospect St,PM,2,32,51
2012,1,Webster Ave & Prospect St,PM,3,14,28
2012,1,Webster Ave & Prospect St,PM,4,105,76
2012,2,Washington St & Somerville Ave,PM,1,44,141
2012,2,Washington St & Somerville Ave,PM,2,111,97
2012,2,Washington St & Somerville Ave,PM,3,28,92
2012,2,Washington St & Somerville Ave,PM,4,17,32
2012,3,Somerville Ave & Prospect St,PM,1,112,84
2012,3,Somerville Ave & Prospect St,PM,2,39,54
2012,3,Somerville Ave & Prospect St,PM,3,5,21
2012,3,Somerville Ave & Prospect St,PM,4,85,83
2012,4,Somerville Ave & Elm St,PM,1,54,28
2012,4,Somerville Ave & Elm St,PM,2,21,46
2012,4,Somerville Ave & Elm St,PM,3,26,34
2012,4,Somerville Ave & Elm St,PM,4,41,99
2012,5,Medford St & Broadway,PM,1,,
2012,5,Medford St & Broadway,PM,2,,
2012,5,Medford St & Broadway,PM,3,,
2012,5,Medford St & Broadway,PM,4,,
2012,6,Willow Ave & Elm St,PM,1,6,23
2012,6,Willow Ave & Elm St,PM,2,46,31
2012,6,Willow Ave & Elm St,PM,3,95,133
2012,6,Willow Ave & Elm St,PM,4,45,127
2012,7,Community Path & Grove St,PM,1,5,70
2012,7,Community Path & Grove St,PM,2,12,52
2012,7,Community Path & Grove St,PM,3,9,76
2012,7,Community Path & Grove St,PM,4,35,195
2012,8,Community Path & Cedar St,PM,1,4,24
2012,8,Community Path & Cedar St,PM,2,20,73
2012,8,Community Path & Cedar St,PM,3,8,14
2012,8,Community Path & Cedar St,PM,4,15,51
2012,9,Community Path & Buena Vista Rd,PM,1,2,1
2012,9,Community Path & Buena Vista Rd,PM,2,7,6
2012,9,Community Path & Buena Vista Rd,PM,3,11,207
2012,9,Community Path & Buena Vista Rd,PM,4,19,142
2012,10,College Ave & Powder House Circle,PM,1,29,94
2012,10,College Ave & Powder House Circle,PM,2,28,84
2012,10,College Ave & Powder House Circle,PM,3,25,51
2012,10,College Ave & Powder House Circle,PM,4,8,71
2012,11,Holland St & Cameron Ave,PM,1,,
2012,11,Holland St & Cameron Ave,PM,2,,
2012,11,Holland St & Cameron Ave,PM,3,,
2012,11,Holland St & Cameron Ave,PM,4,,
2012,12,Broadway & McGrath Hwy,PM,1,5,24
2012,12,Broadway & McGrath Hwy,PM,2,5,17
2012,12,Broadway & McGrath Hwy,PM,3,9,61
2012,12,Broadway & McGrath Hwy,PM,4,16,63
2012,13,Somerville Ave & Beacon St,PM,1,53,92
2012,13,Somerville Ave & Beacon St,PM,2,194,93
2012,13,Somerville Ave & Beacon St,PM,3,41,97
2012,13,Somerville Ave & Beacon St,PM,4,15,46
2012,14,Concord Ave & Beacon St,PM,1,5,12
2012,14,Concord Ave & Beacon St,PM,2,13,12
2012,14,Concord Ave & Beacon St,PM,3,290,128
2012,14,Concord Ave & Beacon St,PM,4,49,93
2012,15,Washington St & Beacon St,PM,1,49,62
2012,15,Washington St & Beacon St,PM,2,200,77
2012,15,Washington St & Beacon St,PM,3,22,92
2012,15,Washington St & Beacon St,PM,4,72,150
2012,16,College Ave & Winter St,PM,1,40,395
2012,16,College Ave & Winter St,PM,2,42,265
2012,16,College Ave & Winter St,PM,3,1,14
2012,16,College Ave & Winter St,PM,4,8,14
2012,17,Community Path & Willow Ave,PM,1,,
2012,17,Community Path & Willow Ave,PM,2,,
2012,17,Community Path & Willow Ave,PM,3,,
2012,17,Community Path & Willow Ave,PM,4,,
2012,18,Cedar St & Summer St,PM,1,26,28
2012,18,Cedar St & Summer St,PM,2,6,71
2012,18,Cedar St & Summer St,PM,3,15,39
2012,18,Cedar St & Summer St,PM,4,15,54
2012,19,Washington St & Inner Belt Rd,PM,1,1,15
2012,19,Washington St & Inner Belt Rd,PM,2,1,13
2012,19,Washington St & Inner Belt Rd,PM,3,16,26
2012,19,Washington St & Inner Belt Rd,PM,4,23,80
2012,20,Highland Ave & Walnut St,PM,1,10,53
2012,20,Highland Ave & Walnut St,PM,2,4,43
2012,20,Highland Ave & Walnut St,PM,3,19,47
2012,20,Highland Ave & Walnut St,PM,4,3,44
2012,21,Rt. 28 Bridge & Shore Dr,PM,1,13,14
2012,21,Rt. 28 Bridge & Shore Dr,PM,2,10,13
2012,21,Rt. 28 Bridge & Shore Dr,PM,3,20,46
2012,21,Rt. 28 Bridge & Shore Dr,PM,4,11,16
2012,22,Powder House Blvd & North St,PM,1,2,12
2012,22,Powder House Blvd & North St,PM,2,1,11
2012,22,Powder House Blvd & North St,PM,3,11,42
2012,22,Powder House Blvd & North St,PM,4,14,44
2012,23,Medford St & South St,PM,1,6,11
2012,23,Medford St & South St,PM,2,2,15
2012,23,Medford St & South St,PM,3,25,57
2012,23,Medford St & South St,PM,4,53,81
2012,24,Joy St & Washington St,PM,1,38,73
2012,24,Joy St & Washington St,PM,2,37,59
2012,24,Joy St & Washington St,PM,3,0,13
2012,24,Joy St & Washington St,PM,4,3,8
2012,25,Highland Ave & Lowell St,PM,1,0,11
2012,25,Highland Ave & Lowell St,PM,2,6,31
2012,25,Highland Ave & Lowell St,PM,3,25,69
2012,25,Highland Ave & Lowell St,PM,4,26,84
2012,26,Broadway & Lombardi Way,PM,1,8,23
2012,26,Broadway & Lombardi Way,PM,2,5,24
2012,26,Broadway & Lombardi Way,PM,3,9,104
2012,26,Broadway & Lombardi Way,PM,4,13,235
2012,27,Broadway & Boston Ave,PM,1,19,60
2012,27,Broadway & Boston Ave,PM,2,6,37
2012,27,Broadway & Boston Ave,PM,3,14,22
2012,27,Broadway & Boston Ave,PM,4,14,19
2012,28,Broadway & Holland St,PM,1,14,103
2012,28,Broadway & Holland St,PM,2,72,234
2012,28,Broadway & Holland St,PM,3,8,60
2012,28,Broadway & Holland St,PM,4,5,61
2012,29,Broadway & Alewife Brook Pkwy,PM,1,,
2012,29,Broadway & Alewife Brook Pkwy,PM,2,,
2012,29,Broadway & Alewife Brook Pkwy,PM,3,,
2012,29,Broadway & Alewife Brook Pkwy,PM,4,,
2012,30,Dane St & Somerville Ave,PM,1,49,51
2012,30,Dane St & Somerville Ave,PM,2,44,68
2012,30,Dane St & Somerville Ave,PM,3,9,3
2012,30,Dane St & Somerville Ave,PM,4,15,12
2012,31,Foley St & Middlesex Ave,PM,1,0,25
2012,31,Foley St & Middlesex Ave,PM,2,5,22
2012,31,Foley St & Middlesex Ave,PM,3,0,23
2012,31,Foley St & Middlesex Ave,PM,4,0,17
2012,32,Summer St & School St,PM,1,,
2012,32,Summer St & School St,PM,2,,
2012,32,Summer St & School St,PM,3,,
2012,32,Summer St & School St,PM,4,,
2012,33,Temple St & Broadway,PM,1,5,81
2012,33,Temple St & Broadway,PM,2,15,60
2012,33,Temple St & Broadway,PM,3,3,44
2012,33,Temple St & Broadway,PM,4,7,43
2012,34,Cross St & Pearl St,PM,1,0,0
2012,34,Cross St & Pearl St,PM,2,0,0
2012,34,Cross St & Pearl St,PM,3,0,0
2012,34,Cross St & Pearl St,PM,4,0,0
2012,35,Mossland St & Somerville Ave,PM,1,26,19
2012,35,Mossland St & Somerville Ave,PM,2,7,33
2012,35,Mossland St & Somerville Ave,PM,3,135,126
2012,35,Mossland St & Somerville Ave,PM,4,53,176
2012,36,Boston Ave & Alewife Brook Pkwy,PM,1,1,14
2012,36,Boston Ave & Alewife Brook Pkwy,PM,2,3,10
2012,36,Boston Ave & Alewife Brook Pkwy,PM,3,11,30
2012,36,Boston Ave & Alewife Brook Pkwy,PM,4,4,19
2013,1,Webster Ave & Prospect St,AM,1,15,12
2013,1,Webster Ave & Prospect St,AM,2,10,12
2013,1,Webster Ave & Prospect St,AM,3,187,44
2013,1,Webster Ave & Prospect St,AM,4,10,17
2013,2,Washington St & Somerville Ave,AM,1,155,184
2013,2,Washington St & Somerville Ave,AM,2,15,88
2013,2,Washington St & Somerville Ave,AM,3,24,56
2013,2,Washington St & Somerville Ave,AM,4,32,81
2013,3,Somerville Ave & Prospect St,AM,1,41,25
2013,3,Somerville Ave & Prospect St,AM,2,37,31
2013,3,Somerville Ave & Prospect St,AM,3,0,16
2013,3,Somerville Ave & Prospect St,AM,4,24,23
2013,4,Somerville Ave & Elm St,AM,1,16,71
2013,4,Somerville Ave & Elm St,AM,2,69,44
2013,4,Somerville Ave & Elm St,AM,3,20,137
2013,4,Somerville Ave & Elm St,AM,4,14,32
2013,5,Medford St & Broadway,AM,1,6,38
2013,5,Medford St & Broadway,AM,2,2,30
2013,5,Medford St & Broadway,AM,3,5,40
2013,5,Medford St & Broadway,AM,4,16,47
2013,6,Willow Ave & Elm St,AM,1,11,62
2013,6,Willow Ave & Elm St,AM,2,11,7
2013,6,Willow Ave & Elm St,AM,3,25,45
2013,6,Willow Ave & Elm St,AM,4,117,100
2013,7,Community Path & Grove St,AM,1,5,76
2013,7,Community Path & Grove St,AM,2,11,32
2013,7,Community Path & Grove St,AM,3,65,334
2013,7,Community Path & Grove St,AM,4,8,59
2013,8,Community Path & Cedar St,AM,1,36,150
2013,8,Community Path & Cedar St,AM,2,6,48
2013,8,Community Path & Cedar St,AM,3,38,56
2013,8,Community Path & Cedar St,AM,4,21,75
2013,9,Community Path & Buena Vista Rd,AM,1,7,5
2013,9,Community Path & Buena Vista Rd,AM,2,9,3
2013,9,Community Path & Buena Vista Rd,AM,3,26,263
2013,9,Community Path & Buena Vista Rd,AM,4,38,77
2013,10,College Ave & Powder House Circle,AM,1,5,26
2013,10,College Ave & Powder House Circle,AM,2,5,21
2013,10,College Ave & Powder House Circle,AM,3,11,26
2013,10,College Ave & Powder House Circle,AM,4,7,44
2013,11,Holland St & Cameron Ave,AM,1,6,16
2013,11,Holland St & Cameron Ave,AM,2,7,51
2013,11,Holland St & Cameron Ave,AM,3,66,283
2013,11,Holland St & Cameron Ave,AM,4,16,45
2013,12,Broadway & McGrath Hwy,AM,1,10,17
2013,12,Broadway & McGrath Hwy,AM,2,3,9
2013,12,Broadway & McGrath Hwy,AM,3,11,69
2013,12,Broadway & McGrath Hwy,AM,4,5,33
2013,13,Somerville Ave & Beacon St,AM,1,299,82
2013,13,Somerville Ave & Beacon St,AM,2,31,102
2013,13,Somerville Ave & Beacon St,AM,3,17,27
2013,13,Somerville Ave & Beacon St,AM,4,23,214
2013,14,Concord Ave & Beacon St,AM,1,20,35
2013,14,Concord Ave & Beacon St,AM,2,3,4
2013,14,Concord Ave & Beacon St,AM,3,35,70
2013,14,Concord Ave & Beacon St,AM,4,413,91
2013,15,Washington St & Beacon St,AM,1,324,116
2013,15,Washington St & Beacon St,AM,2,24,31
2013,15,Washington St & Beacon St,AM,3,95,145
2013,15,Washington St & Beacon St,AM,4,10,15
2013,16,College Ave & Winter St,AM,1,63,695
2013,16,College Ave & Winter St,AM,2,12,68
2013,16,College Ave & Winter St,AM,3,0,14
2013,16,College Ave & Winter St,AM,4,4,21
2013,17,Community Path & Willow Ave,AM,1,17,18
2013,17,Community Path & Willow Ave,AM,2,9,29
2013,17,Community Path & Willow Ave,AM,3,5,39
2013,17,Community Path & Willow Ave,AM,4,31,213
2013,18,Cedar St & Summer St,AM,1,119,152
2013,18,Cedar St & Summer St,AM,2,0,19
2013,18,Cedar St & Summer St,AM,3,8,57
2013,18,Cedar St & Summer St,AM,4,8,18
2013,19,Washington St & Inner Belt Rd,AM,1,0,15
2013,19,Washington St & Inner Belt Rd,AM,2,1,15
2013,19,Washington St & Inner Belt Rd,AM,3,31,78
2013,19,Washington St & Inner Belt Rd,AM,4,13,34
2013,20,Highland Ave & Walnut St,AM,1,1,65
2013,20,Highland Ave & Walnut St,AM,2,10,29
2013,20,Highland Ave & Walnut St,AM,3,3,55
2013,20,Highland Ave & Walnut St,AM,4,2,49
2013,21,Rt. 28 Bridge & Shore Dr,AM,1,0,6
2013,21,Rt. 28 Bridge & Shore Dr,AM,2,1,11
2013,21,Rt. 28 Bridge & Shore Dr,AM,3,18,14
2013,21,Rt. 28 Bridge & Shore Dr,AM,4,2,18
2013,22,Powder House Blvd & North St,AM,1,4,49
2013,22,Powder House Blvd & North St,AM,2,14,66
2013,22,Powder House Blvd & North St,AM,3,1,33
2013,22,Powder House Blvd & North St,AM,4,5,131
2013,23,Medford St & South St,AM,1,5,6
2013,23,Medford St & South St,AM,2,2,11
2013,23,Medford St & South St,AM,3,54,33
2013,23,Medford St & South St,AM,4,5,25
2013,24,Joy St & Washington St,AM,1,67,87
2013,24,Joy St & Washington St,AM,2,34,61
2013,24,Joy St & Washington St,AM,3,4,1
2013,24,Joy St & Washington St,AM,4,0,8
2013,25,Highland Ave & Lowell St,AM,1,,
2013,25,Highland Ave & Lowell St,AM,2,3,15
2013,25,Highland Ave & Lowell St,AM,3,18,60
2013,25,Highland Ave & Lowell St,AM,4,13,60
2013,26,Broadway & Lombardi Way,AM,1,14,6
2013,26,Broadway & Lombardi Way,AM,2,1,33
2013,26,Broadway & Lombardi Way,AM,3,35,233
2013,26,Broadway & Lombardi Way,AM,4,3,65
2013,27,Broadway & Boston Ave,AM,1,15,70
2013,27,Broadway & Boston Ave,AM,2,11,42
2013,27,Broadway & Boston Ave,AM,3,15,14
2013,27,Broadway & Boston Ave,AM,4,7,9
2013,28,Broadway & Holland St,AM,1,80,243
2013,28,Broadway & Holland St,AM,2,12,41
2013,28,Broadway & Holland St,AM,3,5,44
2013,28,Broadway & Holland St,AM,4,4,41
2013,29,Broadway & Alewife Brook Pkwy,AM,1,53,11
2013,29,Broadway & Alewife Brook Pkwy,AM,2,9,26
2013,29,Broadway & Alewife Brook Pkwy,AM,3,53,43
2013,29,Broadway & Alewife Brook Pkwy,AM,4,19,18
2013,30,Dane St & Somerville Ave,AM,1,56,55
2013,30,Dane St & Somerville Ave,AM,2,66,42
2013,30,Dane St & Somerville Ave,AM,3,32,25
2013,30,Dane St & Somerville Ave,AM,4,13,13
2013,31,Foley St & Middlesex Ave,AM,1,1,18
2013,31,Foley St & Middlesex Ave,AM,2,0,9
2013,31,Foley St & Middlesex Ave,AM,3,0,8
2013,31,Foley St & Middlesex Ave,AM,4,3,24
2013,32,Summer St & School St,AM,1,63,39
2013,32,Summer St & School St,AM,2,0,10
2013,32,Summer St & School St,AM,3,8,20
2013,32,Summer St & School St,AM,4,34,37
2013,33,Temple St & Broadway,AM,1,7,53
2013,33,Temple St & Broadway,AM,2,12,33
2013,33,Temple St & Broadway,AM,3,2,41
2013,33,Temple St & Broadway,AM,4,2,15
2013,34,Cross St & Pearl St,AM,1,33,102
2013,34,Cross St & Pearl St,AM,2,4,73
2013,34,Cross St & Pearl St,AM,3,6,54
2013,34,Cross St & Pearl St,AM,4,11,35
2013,35,Mossland St & Somerville Ave,AM,1,149,64
2013,35,Mossland St & Somerville Ave,AM,2,3,7
2013,35,Mossland St & Somerville Ave,AM,3,65,296
2013,35,Mossland St & Somerville Ave,AM,4,141,61
2013,36,Boston Ave & Alewife Brook Pkwy,AM,1,,
2013,36,Boston Ave & Alewife Brook Pkwy,AM,2,,
2013,36,Boston Ave & Alewife Brook Pkwy,AM,3,,
2013,36,Boston Ave & Alewife Brook Pkwy,AM,4,,
2013,1,Webster Ave & Prospect St,PM,1,7,19
2013,1,Webster Ave & Prospect St,PM,2,34,46
2013,1,Webster Ave & Prospect St,PM,3,23,36
2013,1,Webster Ave & Prospect St,PM,4,81,56
2013,2,Washington St & Somerville Ave,PM,1,59,207
2013,2,Washington St & Somerville Ave,PM,2,133,237
2013,2,Washington St & Somerville Ave,PM,3,29,40
2013,2,Washington St & Somerville Ave,PM,4,43,75
2013,3,Somerville Ave & Prospect St,PM,1,,
2013,3,Somerville Ave & Prospect St,PM,2,,
2013,3,Somerville Ave & Prospect St,PM,3,,
2013,3,Somerville Ave & Prospect St,PM,4,,
2013,4,Somerville Ave & Elm St,PM,1,87,26
2013,4,Somerville Ave & Elm St,PM,2,34,42
2013,4,Somerville Ave & Elm St,PM,3,21,23
2013,4,Somerville Ave & Elm St,PM,4,24,81
2013,5,Medford St & Broadway,PM,1,17,71
2013,5,Medford St & Broadway,PM,2,7,53
2013,5,Medford St & Broadway,PM,3,15,74
2013,5,Medford St & Broadway,PM,4,14,82
2013,6,Willow Ave & Elm St,PM,1,12,38
2013,6,Willow Ave & Elm St,PM,2,96,70
2013,6,Willow Ave & Elm St,PM,3,152,167
2013,6,Willow Ave & Elm St,PM,4,40,105
2013,7,Community Path & Grove St,PM,1,11,73
2013,7,Community Path & Grove St,PM,2,13,69
2013,7,Community Path & Grove St,PM,3,24,123
2013,7,Community Path & Grove St,PM,4,48,244
2013,8,Community Path & Cedar St,PM,1,11,77
2013,8,Community Path & Cedar St,PM,2,36,114
2013,8,Community Path & Cedar St,PM,3,23,63
2013,8,Community Path & Cedar St,PM,4,13,74
2013,9,Community Path & Buena Vista Rd,PM,1,17,22
2013,9,Community Path & Buena Vista Rd,PM,2,8,11
2013,9,Community Path & Buena Vista Rd,PM,3,31,256
2013,9,Community Path & Buena Vista Rd,PM,4,43,135
2013,10,College Ave & Powder House Circle,PM,1,20,52
2013,10,College Ave & Powder House Circle,PM,2,26,81
2013,10,College Ave & Powder House Circle,PM,3,27,51
2013,10,College Ave & Powder House Circle,PM,4,1,67
2013,11,Holland St & Cameron Ave,PM,1,10,24
2013,11,Holland St & Cameron Ave,PM,2,14,29
2013,11,Holland St & Cameron Ave,PM,3,25,101
2013,11,Holland St & Cameron Ave,PM,4,41,160
2013,12,Broadway & McGrath Hwy,PM,1,11,80
2013,12,Broadway & McGrath Hwy,PM,2,18,82
2013,12,Broadway & McGrath Hwy,PM,3,29,120
2013,12,Broadway & McGrath Hwy,PM,4,44,132
2013,13,Somerville Ave & Beacon St,PM,1,,
2013,13,Somerville Ave & Beacon St,PM,2,,
2013,13,Somerville Ave & Beacon St,PM,3,,
2013,13,Somerville Ave & Beacon St,PM,4,,
2013,14,Concord Ave & Beacon St,PM,1,4,26
2013,14,Concord Ave & Beacon St,PM,2,9,27
2013,14,Concord Ave & Beacon St,PM,3,295,166
2013,14,Concord Ave & Beacon St,PM,4,53,103
2013,15,Washington St & Beacon St,PM,1,51,77
2013,15,Washington St & Beacon St,PM,2,287,66
2013,15,Washington St & Beacon St,PM,3,40,74
2013,15,Washington St & Beacon St,PM,4,78,112
2013,16,College Ave & Winter St,PM,1,47,534
2013,16,College Ave & Winter St,PM,2,34,299
2013,16,College Ave & Winter St,PM,3,1,36
2013,16,College Ave & Winter St,PM,4,7,31
2013,17,Community Path & Willow Ave,PM,1,14,27
2013,17,Community Path & Willow Ave,PM,2,58,29
2013,17,Community Path & Willow Ave,PM,3,38,151
2013,17,Community Path & Willow Ave,PM,4,13,52
2013,18,Cedar St & Summer St,PM,1,24,68
2013,18,Cedar St & Summer St,PM,2,8,52
2013,18,Cedar St & Summer St,PM,3,5,42
2013,18,Cedar St & Summer St,PM,4,2,36
2013,19,Washington St & Inner Belt Rd,PM,1,0,5
2013,19,Washington St & Inner Belt Rd,PM,2,7,12
2013,19,Washington St & Inner Belt Rd,PM,3,21,41
2013,19,Washington St & Inner Belt Rd,PM,4,21,94
2013,20,Highland Ave & Walnut St,PM,1,4,46
2013,20,Highland Ave & Walnut St,PM,2,14,57
2013,20,Highland Ave & Walnut St,PM,3,8,52
2013,20,Highland Ave & Walnut St,PM,4,6,28
2013,21,Rt. 28 Bridge & Shore Dr,PM,1,4,29
2013,21,Rt. 28 Bridge & Shore Dr,PM,2,0,9
2013,21,Rt. 28 Bridge & Shore Dr,PM,3,8,27
2013,21,Rt. 28 Bridge & Shore Dr,PM,4,17,14
2013,22,Powder House Blvd & North St,PM,1,1,18
2013,22,Powder House Blvd & North St,PM,2,5,13
2013,22,Powder House Blvd & North St,PM,3,4,25
2013,22,Powder House Blvd & North St,PM,4,12,59
2013,23,Medford St & South St,PM,1,6,9
2013,23,Medford St & South St,PM,2,1,24
2013,23,Medford St & South St,PM,3,18,46
2013,23,Medford St & South St,PM,4,63,63
2013,24,Joy St & Washington St,PM,1,52,62
2013,24,Joy St & Washington St,PM,2,41,61
2013,24,Joy St & Washington St,PM,3,2,17
2013,24,Joy St & Washington St,PM,4,4,8
2013,25,Highland Ave & Lowell St,PM,1,,
2013,25,Highland Ave & Lowell St,PM,2,,
2013,25,Highland Ave & Lowell St,PM,3,,
2013,25,Highland Ave & Lowell St,PM,4,,
2013,26,Broadway & Lombardi Way,PM,1,1,8
2013,26,Broadway & Lombardi Way,PM,2,1,11
2013,26,Broadway & Lombardi Way,PM,3,7,187
2013,26,Broadway & Lombardi Way,PM,4,10,85
2013,27,Broadway & Boston Ave,PM,1,9,68
2013,27,Broadway & Boston Ave,PM,2,2,34
2013,27,Broadway & Boston Ave,PM,3,14,22
2013,27,Broadway & Boston Ave,PM,4,7,13
2013,28,Broadway & Holland St,PM,1,22,33
2013,28,Broadway & Holland St,PM,2,48,119
2013,28,Broadway & Holland St,PM,3,10,14
2013,28,Broadway & Holland St,PM,4,14,27
2013,29,Broadway & Alewife Brook Pkwy,PM,1,5,10
2013,29,Broadway & Alewife Brook Pkwy,PM,2,10,20
2013,29,Broadway & Alewife Brook Pkwy,PM,3,11,50
2013,29,Broadway & Alewife Brook Pkwy,PM,4,25,42
2013,30,Dane St & Somerville Ave,PM,1,33,109
2013,30,Dane St & Somerville Ave,PM,2,37,73
2013,30,Dane St & Somerville Ave,PM,3,35,27
2013,30,Dane St & Somerville Ave,PM,4,45,55
2013,31,Foley St & Middlesex Ave,PM,1,0,13
2013,31,Foley St & Middlesex Ave,PM,2,3,14
2013,31,Foley St & Middlesex Ave,PM,3,2,20
2013,31,Foley St & Middlesex Ave,PM,4,2,20
2013,32,Summer St & School St,PM,1,16,27
2013,32,Summer St & School St,PM,2,40,28
2013,32,Summer St & School St,PM,3,3,17
2013,32,Summer St & School St,PM,4,5,13
2013,33,Temple St & Broadway,PM,1,9,59
2013,33,Temple St & Broadway,PM,2,6,78
2013,33,Temple St & Broadway,PM,3,2,42
2013,33,Temple St & Broadway,PM,4,5,44
2013,34,Cross St & Pearl St,PM,1,13,53
2013,34,Cross St & Pearl St,PM,2,22,50
2013,34,Cross St & Pearl St,PM,3,5,43
2013,34,Cross St & Pearl St,PM,4,8,48
2013,35,Mossland St & Somerville Ave,PM,1,26,23
2013,35,Mossland St & Somerville Ave,PM,2,10,37
2013,35,Mossland St & Somerville Ave,PM,3,193,142
2013,35,Mossland St & Somerville Ave,PM,4,58,235
2013,36,Boston Ave & Alewife Brook Pkwy,PM,1,5,11
2013,36,Boston Ave & Alewife Brook Pkwy,PM,2,11,4
2013,36,Boston Ave & Alewife Brook Pkwy,PM,3,13,24
2013,36,Boston Ave & Alewife Brook Pkwy,PM,4,7,19
2014,1,Webster Ave & Prospect St,AM,1,23,41
2014,1,Webster Ave & Prospect St,AM,2,10,26
2014,1,Webster Ave & Prospect St,AM,3,141,63
2014,1,Webster Ave & Prospect St,AM,4,13,17
2014,2,Washington St & Somerville Ave,AM,1,171,190
2014,2,Washington St & Somerville Ave,AM,2,12,84
2014,2,Washington St & Somerville Ave,AM,3,1,39
2014,2,Washington St & Somerville Ave,AM,4,19,90
2014,3,Somerville Ave & Prospect St,AM,1,42,54
2014,3,Somerville Ave & Prospect St,AM,2,44,74
2014,3,Somerville Ave & Prospect St,AM,3,10,45
2014,3,Somerville Ave & Prospect St,AM,4,20,50
2014,4,Somerville Ave & Elm St,AM,1,25,57
2014,4,Somerville Ave & Elm St,AM,2,113,38
2014,4,Somerville Ave & Elm St,AM,3,37,161
2014,4,Somerville Ave & Elm St,AM,4,25,37
2014,5,Medford St & Broadway,AM,1,8,29
2014,5,Medford St & Broadway,AM,2,6,10
2014,5,Medford St & Broadway,AM,3,4,34
2014,5,Medford St & Broadway,AM,4,16,29
2014,6,Willow Ave & Elm St,AM,1,14,18
2014,6,Willow Ave & Elm St,AM,2,2,59
2014,6,Willow Ave & Elm St,AM,3,57,37
2014,6,Willow Ave & Elm St,AM,4,77,103
2014,7,Community Path & Grove St,AM,1,6,30
2014,7,Community Path & Grove St,AM,2,2,70
2014,7,Community Path & Grove St,AM,3,78,347
2014,7,Community Path & Grove St,AM,4,9,36
2014,8,Community Path & Cedar St,AM,1,31,135
2014,8,Community Path & Cedar St,AM,2,9,25
2014,8,Community Path & Cedar St,AM,3,49,43
2014,8,Community Path & Cedar St,AM,4,22,56
2014,9,Community Path & Buena Vista Rd,AM,1,17,4
2014,9,Community Path & Buena Vista Rd,AM,2,1,4
2014,9,Community Path & Buena Vista Rd,AM,3,26,76
2014,9,Community Path & Buena Vista Rd,AM,4,31,234
2014,10,College Ave & Powder House Circle,AM,1,25,53
2014,10,College Ave & Powder House Circle,AM,2,7,42
2014,10,College Ave & Powder House Circle,AM,3,35,59
2014,10,College Ave & Powder House Circle,AM,4,1,43
2014,11,Holland St & Cameron Ave,AM,1,4,9
2014,11,Holland St & Cameron Ave,AM,2,8,37
2014,11,Holland St & Cameron Ave,AM,3,78,340
2014,11,Holland St & Cameron Ave,AM,4,10,58
2014,12,Broadway & McGrath Hwy,AM,1,9,55
2014,12,Broadway & McGrath Hwy,AM,2,17,53
2014,12,Broadway & McGrath Hwy,AM,3,7,17
2014,12,Broadway & McGrath Hwy,AM,4,2,21
2014,13,Somerville Ave & Beacon St,AM,1,256,76
2014,13,Somerville Ave & Beacon St,AM,2,27,131
2014,13,Somerville Ave & Beacon St,AM,3,29,45
2014,13,Somerville Ave & Beacon St,AM,4,38,179
2014,14,Concord Ave & Beacon St,AM,1,21,50
2014,14,Concord Ave & Beacon St,AM,2,0,10
2014,14,Concord Ave & Beacon St,AM,3,34,60
2014,14,Concord Ave & Beacon St,AM,4,371,154
2014,15,Washington St & Beacon St,AM,1,333,81
2014,15,Washington St & Beacon St,AM,2,45,45
2014,15,Washington St & Beacon St,AM,3,108,179
2014,15,Washington St & Beacon St,AM,4,21,42
2014,16,College Ave & Winter St,AM,1,50,612
2014,16,College Ave & Winter St,AM,2,5,65
2014,16,College Ave & Winter St,AM,3,0,28
2014,16,College Ave & Winter St,AM,4,0,4
2014,17,Community Path & Willow Ave,AM,1,28,42
2014,17,Community Path & Willow Ave,AM,2,24,68
2014,17,Community Path & Willow Ave,AM,3,9,33
2014,17,Community Path & Willow Ave,AM,4,61,229
2014,18,Cedar St & Summer St,AM,1,107,108
2014,18,Cedar St & Summer St,AM,2,4,20
2014,18,Cedar St & Summer St,AM,3,7,115
2014,18,Cedar St & Summer St,AM,4,6,28
2014,19,Washington St & Inner Belt Rd,AM,1,8,10
2014,19,Washington St & Inner Belt Rd,AM,2,2,17
2014,19,Washington St & Inner Belt Rd,AM,3,28,68
2014,19,Washington St & Inner Belt Rd,AM,4,21,49
2014,20,Highland Ave & Walnut St,AM,1,10,43
2014,20,Highland Ave & Walnut St,AM,2,8,31
2014,20,Highland Ave & Walnut St,AM,3,21,63
2014,20,Highland Ave & Walnut St,AM,4,2,49
2014,21,Rt. 28 Bridge & Shore Dr,AM,1,2,10
2014,21,Rt. 28 Bridge & Shore Dr,AM,2,9,18
2014,21,Rt. 28 Bridge & Shore Dr,AM,3,12,19
2014,21,Rt. 28 Bridge & Shore Dr,AM,4,4,10
2014,22,Powder House Blvd & North St,AM,1,4,23
2014,22,Powder House Blvd & North St,AM,2,2,37
2014,22,Powder House Blvd & North St,AM,3,22,58
2014,22,Powder House Blvd & North St,AM,4,6,101
2014,23,Medford St & South St,AM,1,,
2014,23,Medford St & South St,AM,2,,
2014,23,Medford St & South St,AM,3,,
2014,23,Medford St & South St,AM,4,,
2014,24,Joy St & Washington St,AM,1,51,75
2014,24,Joy St & Washington St,AM,2,17,61
2014,24,Joy St & Washington St,AM,3,3,10
2014,24,Joy St & Washington St,AM,4,2,12
2014,25,Highland Ave & Lowell St,AM,1,11,51
2014,25,Highland Ave & Lowell St,AM,2,0,8
2014,25,Highland Ave & Lowell St,AM,3,15,47
2014,25,Highland Ave & Lowell St,AM,4,22,65
2014,26,Broadway & Lombardi Way,AM,1,9,7
2014,26,Broadway & Lombardi Way,AM,2,0,12
2014,26,Broadway & Lombardi Way,AM,3,18,192
2014,26,Broadway & Lombardi Way,AM,4,2,38
2014,27,Broadway & Boston Ave,AM,1,17,45
2014,27,Broadway & Boston Ave,AM,2,18,79
2014,27,Broadway & Boston Ave,AM,3,11,16
2014,27,Broadway & Boston Ave,AM,4,13,20
2014,28,Broadway & Holland St,AM,1,83,259
2014,28,Broadway & Holland St,AM,2,20,93
2014,28,Broadway & Holland St,AM,3,8,114
2014,28,Broadway & Holland St,AM,4,6,73
2014,29,Broadway & Alewife Brook Pkwy,AM,1,20,15
2014,29,Broadway & Alewife Brook Pkwy,AM,2,8,8
2014,29,Broadway & Alewife Brook Pkwy,AM,3,42,54
2014,29,Broadway & Alewife Brook Pkwy,AM,4,10,13
2014,30,Dane St & Somerville Ave,AM,1,38,39
2014,30,Dane St & Somerville Ave,AM,2,89,33
2014,30,Dane St & Somerville Ave,AM,3,33,27
2014,30,Dane St & Somerville Ave,AM,4,7,9
2014,31,Foley St & Middlesex Ave,AM,1,0,21
2014,31,Foley St & Middlesex Ave,AM,2,0,11
2014,31,Foley St & Middlesex Ave,AM,3,1,14
2014,31,Foley St & Middlesex Ave,AM,4,4,40
2014,32,Summer St & School St,AM,1,81,47
2014,32,Summer St & School St,AM,2,3,22
2014,32,Summer St & School St,AM,3,5,27
2014,32,Summer St & School St,AM,4,45,51
2014,33,Temple St & Broadway,AM,1,12,47
2014,33,Temple St & Broadway,AM,2,5,32
2014,33,Temple St & Broadway,AM,3,10,131
2014,33,Temple St & Broadway,AM,4,3,25
2014,34,Cross St & Pearl St,AM,1,13,103
2014,34,Cross St & Pearl St,AM,2,9,177
2014,34,Cross St & Pearl St,AM,3,10,195
2014,34,Cross St & Pearl St,AM,4,27,166
2014,35,Mossland St & Somerville Ave,AM,1,172,86
2014,35,Mossland St & Somerville Ave,AM,2,1,15
2014,35,Mossland St & Somerville Ave,AM,3,81,361
2014,35,Mossland St & Somerville Ave,AM,4,300,106
2014,36,Boston Ave & Alewife Brook Pkwy,AM,1,10,9
2014,36,Boston Ave & Alewife Brook Pkwy,AM,2,2,16
2014,36,Boston Ave & Alewife Brook Pkwy,AM,3,7,13
2014,36,Boston Ave & Alewife Brook Pkwy,AM,4,6,19
2014,1,Webster Ave & Prospect St,PM,1,19,20
2014,1,Webster Ave & Prospect St,PM,2,46,59
2014,1,Webster Ave & Prospect St,PM,3,27,30
2014,1,Webster Ave & Prospect St,PM,4,142,87
2014,2,Washington St & Somerville Ave,PM,1,49,167
2014,2,Washington St & Somerville Ave,PM,2,179,221
2014,2,Washington St & Somerville Ave,PM,3,26,62
2014,2,Washington St & Somerville Ave,PM,4,10,36
2014,3,Somerville Ave & Prospect St,PM,1,178,95
2014,3,Somerville Ave & Prospect St,PM,2,37,75
2014,3,Somerville Ave & Prospect St,PM,3,7,27
2014,3,Somerville Ave & Prospect St,PM,4,139,89
2014,4,Somerville Ave & Elm St,PM,1,,
2014,4,Somerville Ave & Elm St,PM,2,,
2014,4,Somerville Ave & Elm St,PM,3,,
2014,4,Somerville Ave & Elm St,PM,4,,
2014,5,Medford St & Broadway,PM,1,3,25
2014,5,Medford St & Broadway,PM,2,9,26
2014,5,Medford St & Broadway,PM,3,4,29
2014,5,Medford St & Broadway,PM,4,2,12
2014,6,Willow Ave & Elm St,PM,1,4,33
2014,6,Willow Ave & Elm St,PM,2,118,46
2014,6,Willow Ave & Elm St,PM,3,175,215
2014,6,Willow Ave & Elm St,PM,4,58,84
2014,7,Community Path & Grove St,PM,1,5,99
2014,7,Community Path & Grove St,PM,2,13,87
2014,7,Community Path & Grove St,PM,3,24,143
2014,7,Community Path & Grove St,PM,4,53,288
2014,8,Community Path & Cedar St,PM,1,18,80
2014,8,Community Path & Cedar St,PM,2,59,160
2014,8,Community Path & Cedar St,PM,3,28,92
2014,8,Community Path & Cedar St,PM,4,22,72
2014,9,Community Path & Buena Vista Rd,PM,1,10,6
2014,9,Community Path & Buena Vista Rd,PM,2,3,7
2014,9,Community Path & Buena Vista Rd,PM,3,42,158
2014,9,Community Path & Buena Vista Rd,PM,4,18,250
2014,10,College Ave & Powder House Circle,PM,1,28,82
2014,10,College Ave & Powder House Circle,PM,2,29,89
2014,10,College Ave & Powder House Circle,PM,3,42,65
2014,10,College Ave & Powder House Circle,PM,4,4,62
2014,11,Holland St & Cameron Ave,PM,1,13,31
2014,11,Holland St & Cameron Ave,PM,2,22,21
2014,11,Holland St & Cameron Ave,PM,3,37,144
2014,11,Holland St & Cameron Ave,PM,4,87,334
2014,12,Broadway & McGrath Hwy,PM,1,2,21
2014,12,Broadway & McGrath Hwy,PM,2,1,6
2014,12,Broadway & McGrath Hwy,PM,3,9,63
2014,12,Broadway & McGrath Hwy,PM,4,12,62
2014,13,Somerville Ave & Beacon St,PM,1,58,54
2014,13,Somerville Ave & Beacon St,PM,2,179,117
2014,13,Somerville Ave & Beacon St,PM,3,32,84
2014,13,Somerville Ave & Beacon St,PM,4,33,43
2014,14,Concord Ave & Beacon St,PM,1,8,26
2014,14,Concord Ave & Beacon St,PM,2,17,31
2014,14,Concord Ave & Beacon St,PM,3,369,240
2014,14,Concord Ave & Beacon St,PM,4,63,91
2014,15,Washington St & Beacon St,PM,1,50,65
2014,15,Washington St & Beacon St,PM,2,290,121
2014,15,Washington St & Beacon St,PM,3,46,92
2014,15,Washington St & Beacon St,PM,4,127,182
2014,16,College Ave & Winter St,PM,1,44,465
2014,16,College Ave & Winter St,PM,2,43,239
2014,16,College Ave & Winter St,PM,3,0,27
2014,16,College Ave & Winter St,PM,4,6,33
2014,17,Community Path & Willow Ave,PM,1,11,41
2014,17,Community Path & Willow Ave,PM,2,71,67
2014,17,Community Path & Willow Ave,PM,3,45,170
2014,17,Community Path & Willow Ave,PM,4,19,78
2014,18,Cedar St & Summer St,PM,1,16,33
2014,18,Cedar St & Summer St,PM,2,4,64
2014,18,Cedar St & Summer St,PM,3,15,54
2014,18,Cedar St & Summer St,PM,4,6,61
2014,19,Washington St & Inner Belt Rd,PM,1,0,20
2014,19,Washington St & Inner Belt Rd,PM,2,1,11
2014,19,Washington St & Inner Belt Rd,PM,3,7,26
2014,19,Washington St & Inner Belt Rd,PM,4,10,71
2014,20,Highland Ave & Walnut St,PM,1,3,34
2014,20,Highland Ave & Walnut St,PM,2,5,32
2014,20,Highland Ave & Walnut St,PM,3,25,70
2014,20,Highland Ave & Walnut St,PM,4,2,31
2014,21,Rt. 28 Bridge & Shore Dr,PM,1,12,25
2014,21,Rt. 28 Bridge & Shore Dr,PM,2,3,14
2014,21,Rt. 28 Bridge & Shore Dr,PM,3,16,44
2014,21,Rt. 28 Bridge & Shore Dr,PM,4,16,32
2014,22,Powder House Blvd & North St,PM,1,8,32
2014,22,Powder House Blvd & North St,PM,2,7,26
2014,22,Powder House Blvd & North St,PM,3,15,37
2014,22,Powder House Blvd & North St,PM,4,17,54
2014,23,Medford St & South St,PM,1,14,17
2014,23,Medford St & South St,PM,2,2,22
2014,23,Medford St & South St,PM,3,28,79
2014,23,Medford St & South St,PM,4,79,84
2014,24,Joy St & Washington St,PM,1,42,57
2014,24,Joy St & Washington St,PM,2,60,148
2014,24,Joy St & Washington St,PM,3,2,28
2014,24,Joy St & Washington St,PM,4,6,10
2014,25,Highland Ave & Lowell St,PM,1,4,45
2014,25,Highland Ave & Lowell St,PM,2,18,69
2014,25,Highland Ave & Lowell St,PM,3,36,58
2014,25,Highland Ave & Lowell St,PM,4,21,71
2014,26,Broadway & Lombardi Way,PM,1,4,16
2014,26,Broadway & Lombardi Way,PM,2,9,9
2014,26,Broadway & Lombardi Way,PM,3,11,87
2014,26,Broadway & Lombardi Way,PM,4,11,231
2014,27,Broadway & Boston Ave,PM,1,,
2014,27,Broadway & Boston Ave,PM,2,,
2014,27,Broadway & Boston Ave,PM,3,,
2014,27,Broadway & Boston Ave,PM,4,,
2014,28,Broadway & Holland St,PM,1,27,117
2014,28,Broadway & Holland St,PM,2,83,291
2014,28,Broadway & Holland St,PM,3,16,112
2014,28,Broadway & Holland St,PM,4,15,128
2014,29,Broadway & Alewife Brook Pkwy,PM,1,16,13
2014,29,Broadway & Alewife Brook Pkwy,PM,2,15,3
2014,29,Broadway & Alewife Brook Pkwy,PM,3,15,29
2014,29,Broadway & Alewife Brook Pkwy,PM,4,45,52
2014,30,Dane St & Somerville Ave,PM,1,30,52
2014,30,Dane St & Somerville Ave,PM,2,47,56
2014,30,Dane St & Somerville Ave,PM,3,42,46
2014,30,Dane St & Somerville Ave,PM,4,52,65
2014,31,Foley St & Middlesex Ave,PM,1,0,11
2014,31,Foley St & Middlesex Ave,PM,2,1,11
2014,31,Foley St & Middlesex Ave,PM,3,3,34
2014,31,Foley St & Middlesex Ave,PM,4,3,38
2014,32,Summer St & School St,PM,1,,
2014,32,Summer St & School St,PM,2,,
2014,32,Summer St & School St,PM,3,,
2014,32,Summer St & School St,PM,4,,
2014,33,Temple St & Broadway,PM,1,10,93
2014,33,Temple St & Broadway,PM,2,7,89
2014,33,Temple St & Broadway,PM,3,7,97
2014,33,Temple St & Broadway,PM,4,5,57
2014,34,Cross St & Pearl St,PM,1,14,69
2014,34,Cross St & Pearl St,PM,2,15,60
2014,34,Cross St & Pearl St,PM,3,5,36
2014,34,Cross St & Pearl St,PM,4,9,25
2014,35,Mossland St & Somerville Ave,PM,1,37,20
2014,35,Mossland St & Somerville Ave,PM,2,3,25
2014,35,Mossland St & Somerville Ave,PM,3,186,124
2014,35,Mossland St & Somerville Ave,PM,4,93,183
2014,36,Boston Ave & Alewife Brook Pkwy,PM,1,2,24
2014,36,Boston Ave & Alewife Brook Pkwy,PM,2,7,14
2014,36,Boston Ave & Alewife Brook Pkwy,PM,3,8,19
2014,36,Boston Ave & Alewife Brook Pkwy,PM,4,7,42
2015,1,Webster Ave & Prospect St,AM,1,17,31
2015,1,Webster Ave & Prospect St,AM,2,16,9
2015,1,Webster Ave & Prospect St,AM,3,136,51
2015,1,Webster Ave & Prospect St,AM,4,10,36
2015,2,Washington St & Somerville Ave,AM,1,158,107
2015,2,Washington St & Somerville Ave,AM,2,0,57
2015,2,Washington St & Somerville Ave,AM,3,7,56
2015,2,Washington St & Somerville Ave,AM,4,9,37
2015,3,Somerville Ave & Prospect St,AM,1,37,26
2015,3,Somerville Ave & Prospect St,AM,2,61,40
2015,3,Somerville Ave & Prospect St,AM,3,8,44
2015,3,Somerville Ave & Prospect St,AM,4,20,34
2015,4,Somerville Ave & Elm St,AM,1,16,21
2015,4,Somerville Ave & Elm St,AM,2,91,31
2015,4,Somerville Ave & Elm St,AM,3,20,146
2015,4,Somerville Ave & Elm St,AM,4,37,28
2015,5,Medford St & Broadway,AM,1,9,47
2015,5,Medford St & Broadway,AM,2,9,34
2015,5,Medford St & Broadway,AM,3,8,66
2015,5,Medford St & Broadway,AM,4,28,58
2015,6,Willow Ave & Elm St,AM,1,17,52
2015,6,Willow Ave & Elm St,AM,2,18,16
2015,6,Willow Ave & Elm St,AM,3,28,37
2015,6,Willow Ave & Elm St,AM,4,126,122
2015,7,Community Path & Grove St,AM,1,,
2015,7,Community Path & Grove St,AM,2,,
2015,7,Community Path & Grove St,AM,3,,
2015,7,Community Path & Grove St,AM,4,,
2015,8,Community Path & Cedar St,AM,1,54,158
2015,8,Community Path & Cedar St,AM,2,17,54
2015,8,Community Path & Cedar St,AM,3,38,32
2015,8,Community Path & Cedar St,AM,4,12,64
2015,9,Community Path & Buena Vista Rd,AM,1,18,9
2015,9,Community Path & Buena Vista Rd,AM,2,1,10
2015,9,Community Path & Buena Vista Rd,AM,3,20,81
2015,9,Community Path & Buena Vista Rd,AM,4,18,323
2015,10,College Ave & Powder House Circle,AM,1,44,43
2015,10,College Ave & Powder House Circle,AM,2,12,28
2015,10,College Ave & Powder House Circle,AM,3,66,51
2015,10,College Ave & Powder House Circle,AM,4,4,23
2015,11,Holland St & Cameron Ave,AM,1,29,39
2015,11,Holland St & Cameron Ave,AM,2,26,35
2015,11,Holland St & Cameron Ave,AM,3,105,323
2015,11,Holland St & Cameron Ave,AM,4,30,58
2015,12,Broadway & McGrath Hwy,AM,1,3,22
2015,12,Broadway & McGrath Hwy,AM,2,5,24
2015,12,Broadway & McGrath Hwy,AM,3,43,83
2015,12,Broadway & McGrath Hwy,AM,4,5,33
2015,13,Somerville Ave & Beacon St,AM,1,207,83
2015,13,Somerville Ave & Beacon St,AM,2,18,126
2015,13,Somerville Ave & Beacon St,AM,3,40,30
2015,13,Somerville Ave & Beacon St,AM,4,30,223
2015,14,Concord Ave & Beacon St,AM,1,17,46
2015,14,Concord Ave & Beacon St,AM,2,3,11
2015,14,Concord Ave & Beacon St,AM,3,27,46
2015,14,Concord Ave & Beacon St,AM,4,264,92
2015,15,Washington St & Beacon St,AM,1,224,77
2015,15,Washington St & Beacon St,AM,2,14,50
2015,15,Washington St & Beacon St,AM,3,97,213
2015,15,Washington St & Beacon St,AM,4,19,31
2015,16,College Ave & Winter St,AM,1,56,667
2015,16,College Ave & Winter St,AM,2,9,67
2015,16,College Ave & Winter St,AM,3,2,18
2015,16,College Ave & Winter St,AM,4,0,3
2015,17,Community Path & Willow Ave,AM,1,28,34
2015,17,Community Path & Willow Ave,AM,2,13,56
2015,17,Community Path & Willow Ave,AM,3,8,32
2015,17,Community Path & Willow Ave,AM,4,78,239
2015,18,Cedar St & Summer St,AM,1,111,83
2015,18,Cedar St & Summer St,AM,2,0,11
2015,18,Cedar St & Summer St,AM,3,15,96
2015,18,Cedar St & Summer St,AM,4,16,11
2015,19,Washington St & Inner Belt Rd,AM,1,,
2015,19,Washington St & Inner Belt Rd,AM,2,,
2015,19,Washington St & Inner Belt Rd,AM,3,,
2015,19,Washington St & Inner Belt Rd,AM,4,,
2015,20,Highland Ave & Walnut St,AM,1,8,27
2015,20,Highland Ave & Walnut St,AM,2,20,28
2015,20,Highland Ave & Walnut St,AM,3,7,33
2015,20,Highland Ave & Walnut St,AM,4,0,33
2015,21,Rt. 28 Bridge & Shore Dr,AM,1,4,12
2015,21,Rt. 28 Bridge & Shore Dr,AM,2,11,19
2015,21,Rt. 28 Bridge & Shore Dr,AM,3,8,9
2015,21,Rt. 28 Bridge & Shore Dr,AM,4,4,8
2015,22,Powder House Blvd & North St,AM,1,0,56
2015,22,Powder House Blvd & North St,AM,2,1,3
2015,22,Powder House Blvd & North St,AM,3,32,112
2015,22,Powder House Blvd & North St,AM,4,0,52
2015,23,Medford St & South St,AM,1,0,4
2015,23,Medford St & South St,AM,2,0,10
2015,23,Medford St & South St,AM,3,104,63
2015,23,Medford St & South St,AM,4,7,30
2015,24,Joy St & Washington St,AM,1,44,69
2015,24,Joy St & Washington St,AM,2,31,51
2015,24,Joy St & Washington St,AM,3,2,8
2015,24,Joy St & Washington St,AM,4,0,8
2015,25,Highland Ave & Lowell St,AM,1,11,32
2015,25,Highland Ave & Lowell St,AM,2,3,19
2015,25,Highland Ave & Lowell St,AM,3,16,65
2015,25,Highland Ave & Lowell St,AM,4,21,37
2015,26,Broadway & Lombardi Way,AM,1,1,11
2015,26,Broadway & Lombardi Way,AM,2,11,11
2015,26,Broadway & Lombardi Way,AM,3,44,185
2015,26,Broadway & Lombardi Way,AM,4,0,52
2015,27,Broadway & Boston Ave,AM,1,4,30
2015,27,Broadway & Boston Ave,AM,2,7,65
2015,27,Broadway & Boston Ave,AM,3,11,8
2015,27,Broadway & Boston Ave,AM,4,10,5
2015,28,Broadway & Holland St,AM,1,52,272
2015,28,Broadway & Holland St,AM,2,3,39
2015,28,Broadway & Holland St,AM,3,2,31
2015,28,Broadway & Holland St,AM,4,4,39
2015,29,Broadway & Alewife Brook Pkwy,AM,1,22,8
2015,29,Broadway & Alewife Brook Pkwy,AM,2,7,4
2015,29,Broadway & Alewife Brook Pkwy,AM,3,34,46
2015,29,Broadway & Alewife Brook Pkwy,AM,4,8,20
2015,30,Dane St & Somerville Ave,AM,1,52,49
2015,30,Dane St & Somerville Ave,AM,2,107,30
2015,30,Dane St & Somerville Ave,AM,3,50,34
2015,30,Dane St & Somerville Ave,AM,4,15,21
2015,31,Foley St & Middlesex Ave,AM,1,1,9
2015,31,Foley St & Middlesex Ave,AM,2,1,11
2015,31,Foley St & Middlesex Ave,AM,3,0,18
2015,31,Foley St & Middlesex Ave,AM,4,0,21
2015,32,Summer St & School St,AM,1,67,55
2015,32,Summer St & School St,AM,2,1,33
2015,32,Summer St & School St,AM,3,4,25
2015,32,Summer St & School St,AM,4,40,56
2015,33,Temple St & Broadway,AM,1,8,45
2015,33,Temple St & Broadway,AM,2,5,46
2015,33,Temple St & Broadway,AM,3,5,86
2015,33,Temple St & Broadway,AM,4,2,47
2015,34,Cross St & Pearl St,AM,1,16,66
2015,34,Cross St & Pearl St,AM,2,18,167
2015,34,Cross St & Pearl St,AM,3,12,62
2015,34,Cross St & Pearl St,AM,4,6,84
2015,35,Mossland St & Somerville Ave,AM,1,222,105
2015,35,Mossland St & Somerville Ave,AM,2,0,8
2015,35,Mossland St & Somerville Ave,AM,3,141,283
2015,35,Mossland St & Somerville Ave,AM,4,203,60
2015,36,Boston Ave & Alewife Brook Pkwy,AM,1,8,9
2015,36,Boston Ave & Alewife Brook Pkwy,AM,2,2,20
2015,36,Boston Ave & Alewife Brook Pkwy,AM,3,8,15
2015,36,Boston Ave & Alewife Brook Pkwy,AM,4,6,48
2015,1,Webster Ave & Prospect St,PM,1,,
2015,1,Webster Ave & Prospect St,PM,2,,
2015,1,Webster Ave & Prospect St,PM,3,,
2015,1,Webster Ave & Prospect St,PM,4,,
2015,2,Washington St & Somerville Ave,PM,1,74,132
2015,2,Washington St & Somerville Ave,PM,2,162,128
2015,2,Washington St & Somerville Ave,PM,3,17,11
2015,2,Washington St & Somerville Ave,PM,4,16,29
2015,3,Somerville Ave & Prospect St,PM,1,126,46
2015,3,Somerville Ave & Prospect St,PM,2,32,49
2015,3,Somerville Ave & Prospect St,PM,3,3,22
2015,3,Somerville Ave & Prospect St,PM,4,122,48
2015,4,Somerville Ave & Elm St,PM,1,154,47
2015,4,Somerville Ave & Elm St,PM,2,63,61
2015,4,Somerville Ave & Elm St,PM,3,56,41
2015,4,Somerville Ave & Elm St,PM,4,75,174
2015,5,Medford St & Broadway,PM,1,6,40
2015,5,Medford St & Broadway,PM,2,3,26
2015,5,Medford St & Broadway,PM,3,13,64
2015,5,Medford St & Broadway,PM,4,56,36
2015,6,Willow Ave & Elm St,PM,1,15,21
2015,6,Willow Ave & Elm St,PM,2,58,26
2015,6,Willow Ave & Elm St,PM,3,88,108
2015,6,Willow Ave & Elm St,PM,4,37,51
2015,7,Community Path & Grove St,PM,1,16,72
2015,7,Community Path & Grove St,PM,2,37,219
2015,7,Community Path & Grove St,PM,3,15,40
2015,7,Community Path & Grove St,PM,4,26,80
2015,8,Community Path & Cedar St,PM,1,15,101
2015,8,Community Path & Cedar St,PM,2,55,131
2015,8,Community Path & Cedar St,PM,3,20,49
2015,8,Community Path & Cedar St,PM,4,12,57
2015,9,Community Path & Buena Vista Rd,PM,1,4,3
2015,9,Community Path & Buena Vista Rd,PM,2,14,11
2015,9,Community Path & Buena Vista Rd,PM,3,38,226
2015,9,Community Path & Buena Vista Rd,PM,4,48,125
2015,10,College Ave & Powder House Circle,PM,1,61,93
2015,10,College Ave & Powder House Circle,PM,2,55,68
2015,10,College Ave & Powder House Circle,PM,3,72,94
2015,10,College Ave & Powder House Circle,PM,4,1,74
2015,11,Holland St & Cameron Ave,PM,1,10,57
2015,11,Holland St & Cameron Ave,PM,2,27,34
2015,11,Holland St & Cameron Ave,PM,3,33,172
2015,11,Holland St & Cameron Ave,PM,4,71,279
2015,12,Broadway & McGrath Hwy,PM,1,4,19
2015,12,Broadway & McGrath Hwy,PM,2,8,26
2015,12,Broadway & McGrath Hwy,PM,3,8,72
2015,12,Broadway & McGrath Hwy,PM,4,19,63
2015,13,Somerville Ave & Beacon St,PM,1,35,71
2015,13,Somerville Ave & Beacon St,PM,2,149,83
2015,13,Somerville Ave & Beacon St,PM,3,31,152
2015,13,Somerville Ave & Beacon St,PM,4,19,64
2015,14,Concord Ave & Beacon St,PM,1,10,34
2015,14,Concord Ave & Beacon St,PM,2,10,32
2015,14,Concord Ave & Beacon St,PM,3,225,225
2015,14,Concord Ave & Beacon St,PM,4,44,111
2015,15,Washington St & Beacon St,PM,1,18,38
2015,15,Washington St & Beacon St,PM,2,190,43
2015,15,Washington St & Beacon St,PM,3,26,109
2015,15,Washington St & Beacon St,PM,4,66,188
2015,16,College Ave & Winter St,PM,1,7,89
2015,16,College Ave & Winter St,PM,2,1,80
2015,16,College Ave & Winter St,PM,3,1,11
2015,16,College Ave & Winter St,PM,4,2,13
2015,17,Community Path & Willow Ave,PM,1,15,23
2015,17,Community Path & Willow Ave,PM,2,76,52
2015,17,Community Path & Willow Ave,PM,3,90,240
2015,17,Community Path & Willow Ave,PM,4,28,118
2015,18,Cedar St & Summer St,PM,1,10,26
2015,18,Cedar St & Summer St,PM,2,7,71
2015,18,Cedar St & Summer St,PM,3,23,26
2015,18,Cedar St & Summer St,PM,4,6,59
2015,19,Washington St & Inner Belt Rd,PM,1,1,16
2015,19,Washington St & Inner Belt Rd,PM,2,2,14
2015,19,Washington St & Inner Belt Rd,PM,3,15,39
2015,19,Washington St & Inner Belt Rd,PM,4,23,76
2015,20,Highland Ave & Walnut St,PM,1,1,36
2015,20,Highland Ave & Walnut St,PM,2,16,49
2015,20,Highland Ave & Walnut St,PM,3,0,43
2015,20,Highland Ave & Walnut St,PM,4,18,79
2015,21,Rt. 28 Bridge & Shore Dr,PM,1,4,25
2015,21,Rt. 28 Bridge & Shore Dr,PM,2,4,16
2015,21,Rt. 28 Bridge & Shore Dr,PM,3,6,11
2015,21,Rt. 28 Bridge & Shore Dr,PM,4,12,11
2015,22,Powder House Blvd & North St,PM,1,1,10
2015,22,Powder House Blvd & North St,PM,2,2,10
2015,22,Powder House Blvd & North St,PM,3,8,28
2015,22,Powder House Blvd & North St,PM,4,13,35
2015,23,Medford St & South St,PM,1,8,24
2015,23,Medford St & South St,PM,2,5,7
2015,23,Medford St & South St,PM,3,69,84
2015,23,Medford St & South St,PM,4,16,48
2015,24,Joy St & Washington St,PM,1,39,66
2015,24,Joy St & Washington St,PM,2,46,94
2015,24,Joy St & Washington St,PM,3,4,16
2015,24,Joy St & Washington St,PM,4,5,6
2015,25,Highland Ave & Lowell St,PM,1,,
2015,25,Highland Ave & Lowell St,PM,2,,
2015,25,Highland Ave & Lowell St,PM,3,,
2015,25,Highland Ave & Lowell St,PM,4,,
2015,26,Broadway & Lombardi Way,PM,1,8,11
2015,26,Broadway & Lombardi Way,PM,2,6,11
2015,26,Broadway & Lombardi Way,PM,3,6,45
2015,26,Broadway & Lombardi Way,PM,4,9,162
2015,27,Broadway & Boston Ave,PM,1,7,73
2015,27,Broadway & Boston Ave,PM,2,9,68
2015,27,Broadway & Boston Ave,PM,3,10,22
2015,27,Broadway & Boston Ave,PM,4,8,19
2015,28,Broadway & Holland St,PM,1,11,82
2015,28,Broadway & Holland St,PM,2,55,228
2015,28,Broadway & Holland St,PM,3,4,26
2015,28,Broadway & Holland St,PM,4,3,35
2015,29,Broadway & Alewife Brook Pkwy,PM,1,8,11
2015,29,Broadway & Alewife Brook Pkwy,PM,2,15,23
2015,29,Broadway & Alewife Brook Pkwy,PM,3,5,22
2015,29,Broadway & Alewife Brook Pkwy,PM,4,25,46
2015,30,Dane St & Somerville Ave,PM,1,48,72
2015,30,Dane St & Somerville Ave,PM,2,58,75
2015,30,Dane St & Somerville Ave,PM,3,9,12
2015,30,Dane St & Somerville Ave,PM,4,24,58
2015,31,Foley St & Middlesex Ave,PM,1,7,4
2015,31,Foley St & Middlesex Ave,PM,2,6,11
2015,31,Foley St & Middlesex Ave,PM,3,5,36
2015,31,Foley St & Middlesex Ave,PM,4,8,35
2015,32,Summer St & School St,PM,1,8,46
2015,32,Summer St & School St,PM,2,10,52
2015,32,Summer St & School St,PM,3,71,70
2015,32,Summer St & School St,PM,4,5,38
2015,33,Temple St & Broadway,PM,1,,
2015,33,Temple St & Broadway,PM,2,,
2015,33,Temple St & Broadway,PM,3,,
2015,33,Temple St & Broadway,PM,4,,
2015,34,Cross St & Pearl St,PM,1,27,40
2015,34,Cross St & Pearl St,PM,2,31,45
2015,34,Cross St & Pearl St,PM,3,9,35
2015,34,Cross St & Pearl St,PM,4,6,43
2015,35,Mossland St & Somerville Ave,PM,1,45,27
2015,35,Mossland St & Somerville Ave,PM,2,10,44
2015,35,Mossland St & Somerville Ave,PM,3,187,148
2015,35,Mossland St & Somerville Ave,PM,4,72,217
2015,36,Boston Ave & Alewife Brook Pkwy,PM,1,2,16
2015,36,Boston Ave & Alewife Brook Pkwy,PM,2,9,13
2015,36,Boston Ave & Alewife Brook Pkwy,PM,3,8,42
2015,36,Boston Ave & Alewife Brook Pkwy,PM,4,10,22
2016,1,Webster Ave & Prospect St,AM,1,24,40
2016,1,Webster Ave & Prospect St,AM,2,9,8
2016,1,Webster Ave & Prospect St,AM,3,112,41
2016,1,Webster Ave & Prospect St,AM,4,28,42
2016,2,Washington St & Somerville Ave,AM,1,330,148
2016,2,Washington St & Somerville Ave,AM,2,28,60
2016,2,Washington St & Somerville Ave,AM,3,14,54
2016,2,Washington St & Somerville Ave,AM,4,30,108
2016,3,Somerville Ave & Prospect St,AM,1,18,59
2016,3,Somerville Ave & Prospect St,AM,2,52,42
2016,3,Somerville Ave & Prospect St,AM,3,3,45
2016,3,Somerville Ave & Prospect St,AM,4,13,29
2016,4,Somerville Ave & Elm St,AM,1,8,31
2016,4,Somerville Ave & Elm St,AM,2,81,20
2016,4,Somerville Ave & Elm St,AM,3,32,142
2016,4,Somerville Ave & Elm St,AM,4,58,46
2016,5,Medford St & Broadway,AM,1,2,44
2016,5,Medford St & Broadway,AM,2,6,22
2016,5,Medford St & Broadway,AM,3,5,26
2016,5,Medford St & Broadway,AM,4,25,22
2016,6,Willow Ave & Elm St,AM,1,6,11
2016,6,Willow Ave & Elm St,AM,2,12,51
2016,6,Willow Ave & Elm St,AM,3,163,113
2016,6,Willow Ave & Elm St,AM,4,41,64
2016,7,Community Path & Grove St,AM,1,,
2016,7,Community Path & Grove St,AM,2,,
2016,7,Community Path & Grove St,AM,3,,
2016,7,Community Path & Grove St,AM,4,,
2016,8,Community Path & Cedar St,AM,1,,
2016,8,Community Path & Cedar St,AM,2,,
2016,8,Community Path & Cedar St,AM,3,,
2016,8,Community Path & Cedar St,AM,4,,
2016,9,Community Path & Buena Vista Rd,AM,1,,
2016,9,Community Path & Buena Vista Rd,AM,2,,
2016,9,Community Path & Buena Vista Rd,AM,3,,
2016,9,Community Path & Buena Vista Rd,AM,4,,
2016,10,College Ave & Powder House Circle,AM,1,6,61
2016,10,College Ave & Powder House Circle,AM,2,45,235
2016,10,College Ave & Powder House Circle,AM,3,10,29
2016,10,College Ave & Powder House Circle,AM,4,9,213
2016,11,Holland St & Cameron Ave,AM,1,26,22
2016,11,Holland St & Cameron Ave,AM,2,14,43
2016,11,Holland St & Cameron Ave,AM,3,149,467
2016,11,Holland St & Cameron Ave,AM,4,27,66
2016,12,Broadway & McGrath Hwy,AM,1,3,13
2016,12,Broadway & McGrath Hwy,AM,2,3,22
2016,12,Broadway & McGrath Hwy,AM,3,36,98
2016,12,Broadway & McGrath Hwy,AM,4,3,23
2016,13,Somerville Ave & Beacon St,AM,1,138,52
2016,13,Somerville Ave & Beacon St,AM,2,24,98
2016,13,Somerville Ave & Beacon St,AM,3,46,48
2016,13,Somerville Ave & Beacon St,AM,4,50,226
2016,14,Concord Ave & Beacon St,AM,1,17,33
2016,14,Concord Ave & Beacon St,AM,2,0,5
2016,14,Concord Ave & Beacon St,AM,3,19,41
2016,14,Concord Ave & Beacon St,AM,4,167,99
2016,15,Washington St & Beacon St,AM,1,164,106
2016,15,Washington St & Beacon St,AM,2,16,20
2016,15,Washington St & Beacon St,AM,3,143,213
2016,15,Washington St & Beacon St,AM,4,23,36
2016,16,College Ave & Winter St,AM,1,36,1016
2016,16,College Ave & Winter St,AM,2,4,60
2016,16,College Ave & Winter St,AM,3,0,22
2016,16,College Ave & Winter St,AM,4,10,6
2016,17,Community Path & Willow Ave,AM,1,30,59
2016,17,Community Path & Willow Ave,AM,2,18,16
2016,17,Community Path & Willow Ave,AM,3,11,21
2016,17,Community Path & Willow Ave,AM,4,75,383
2016,18,Cedar St & Summer St,AM,1,,
2016,18,Cedar St & Summer St,AM,2,,
2016,18,Cedar St & Summer St,AM,3,,
2016,18,Cedar St & Summer St,AM,4,,
2016,19,Washington St & Inner Belt Rd,AM,1,2,22
2016,19,Washington St & Inner Belt Rd,AM,2,2,11
2016,19,Washington St & Inner Belt Rd,AM,3,18,63
2016,19,Washington St & Inner Belt Rd,AM,4,13,44
2016,20,Highland Ave & Walnut St,AM,1,3,29
2016,20,Highland Ave & Walnut St,AM,2,14,24
2016,20,Highland Ave & Walnut St,AM,3,10,27
2016,20,Highland Ave & Walnut St,AM,4,6,32
2016,21,Rt. 28 Bridge & Shore Dr,AM,1,3,12
2016,21,Rt. 28 Bridge & Shore Dr,AM,2,14,18
2016,21,Rt. 28 Bridge & Shore Dr,AM,3,15,22
2016,21,Rt. 28 Bridge & Shore Dr,AM,4,7,10
2016,22,Powder House Blvd & North St,AM,1,0,1
2016,22,Powder House Blvd & North St,AM,2,3,5
2016,22,Powder House Blvd & North St,AM,3,13,26
2016,22,Powder House Blvd & North St,AM,4,2,13
2016,23,Medford St & South St,AM,1,7,8
2016,23,Medford St & South St,AM,2,2,2
2016,23,Medford St & South St,AM,3,27,40
2016,23,Medford St & South St,AM,4,167,55
2016,24,Joy St & Washington St,AM,1,2,7
2016,24,Joy St & Washington St,AM,2,0,7
2016,24,Joy St & Washington St,AM,3,17,52
2016,24,Joy St & Washington St,AM,4,37,47
2016,25,Highland Ave & Lowell St,AM,1,9,59
2016,25,Highland Ave & Lowell St,AM,2,4,14
2016,25,Highland Ave & Lowell St,AM,3,15,53
2016,25,Highland Ave & Lowell St,AM,4,25,51
2016,26,Broadway & Lombardi Way,AM,1,11,6
2016,26,Broadway & Lombardi Way,AM,2,4,11
2016,26,Broadway & Lombardi Way,AM,3,59,228
2016,26,Broadway & Lombardi Way,AM,4,3,60
2016,27,Broadway & Boston Ave,AM,1,7,56
2016,27,Broadway & Boston Ave,AM,2,14,65
2016,27,Broadway & Boston Ave,AM,3,5,8
2016,27,Broadway & Boston Ave,AM,4,4,7
2016,28,Broadway & Holland St,AM,1,40,236
2016,28,Broadway & Holland St,AM,2,0,56
2016,28,Broadway & Holland St,AM,3,8,60
2016,28,Broadway & Holland St,AM,4,8,88
2016,29,Broadway & Alewife Brook Pkwy,AM,1,17,15
2016,29,Broadway & Alewife Brook Pkwy,AM,2,2,7
2016,29,Broadway & Alewife Brook Pkwy,AM,3,35,26
2016,29,Broadway & Alewife Brook Pkwy,AM,4,7,18
2016,30,Dane St & Somerville Ave,AM,1,76,40
2016,30,Dane St & Somerville Ave,AM,2,72,134
2016,30,Dane St & Somerville Ave,AM,3,26,58
2016,30,Dane St & Somerville Ave,AM,4,58,50
2016,31,Foley St & Middlesex Ave,AM,1,1,25
2016,31,Foley St & Middlesex Ave,AM,2,0,12
2016,31,Foley St & Middlesex Ave,AM,3,1,16
2016,31,Foley St & Middlesex Ave,AM,4,1,56
2016,32,Summer St & School St,AM,1,1,16
2016,32,Summer St & School St,AM,2,55,31
2016,32,Summer St & School St,AM,3,48,35
2016,32,Summer St & School St,AM,4,8,14
2016,33,Temple St & Broadway,AM,1,20,41
2016,33,Temple St & Broadway,AM,2,7,30
2016,33,Temple St & Broadway,AM,3,13,105
2016,33,Temple St & Broadway,AM,4,2,13
2016,34,Cross St & Pearl St,AM,1,12,52
2016,34,Cross St & Pearl St,AM,2,18,176
2016,34,Cross St & Pearl St,AM,3,10,94
2016,34,Cross St & Pearl St,AM,4,2,52
2016,35,Mossland St & Somerville Ave,AM,1,164,114
2016,35,Mossland St & Somerville Ave,AM,2,2,28
2016,35,Mossland St & Somerville Ave,AM,3,96,355
2016,35,Mossland St & Somerville Ave,AM,4,167,81
2016,36,Boston Ave & Alewife Brook Pkwy,AM,1,12,17
2016,36,Boston Ave & Alewife Brook Pkwy,AM,2,2,15
2016,36,Boston Ave & Alewife Brook Pkwy,AM,3,8,26
2016,36,Boston Ave & Alewife Brook Pkwy,AM,4,12,24
2016,37,Community Path and Lowell St,AM,1,6,29
2016,37,Community Path and Lowell St,AM,2,13,34
2016,37,Community Path and Lowell St,AM,3,12,49
2016,37,Community Path and Lowell St,AM,4,17,33
2016,38,Park St and Somerville Ave,AM,1,57,69
2016,38,Park St and Somerville Ave,AM,2,204,44
2016,38,Park St and Somerville Ave,AM,3,70,30
2016,38,Park St and Somerville Ave,AM,4,22,9
2016,39,Somerville Ave and Medford St,AM,1,4,1
2016,39,Somerville Ave and Medford St,AM,2,105,13
2016,39,Somerville Ave and Medford St,AM,3,142,34
2016,39,Somerville Ave and Medford St,AM,4,5,4
2016,1,Webster Ave & Prospect St,PM,1,15,29
2016,1,Webster Ave & Prospect St,PM,2,22,63
2016,1,Webster Ave & Prospect St,PM,3,16,19
2016,1,Webster Ave & Prospect St,PM,4,110,59
2016,2,Washington St & Somerville Ave,PM,1,32,109
2016,2,Washington St & Somerville Ave,PM,2,92,249
2016,2,Washington St & Somerville Ave,PM,3,17,20
2016,2,Washington St & Somerville Ave,PM,4,22,15
2016,3,Somerville Ave & Prospect St,PM,1,112,92
2016,3,Somerville Ave & Prospect St,PM,2,34,84
2016,3,Somerville Ave & Prospect St,PM,3,4,32
2016,3,Somerville Ave & Prospect St,PM,4,80,82
2016,4,Somerville Ave & Elm St,PM,1,,
2016,4,Somerville Ave & Elm St,PM,2,,
2016,4,Somerville Ave & Elm St,PM,3,,
2016,4,Somerville Ave & Elm St,PM,4,,
2016,5,Medford St & Broadway,PM,1,3,39
2016,5,Medford St & Broadway,PM,2,2,15
2016,5,Medford St & Broadway,PM,3,15,24
2016,5,Medford St & Broadway,PM,4,3,29
2016,6,Willow Ave & Elm St,PM,1,2,38
2016,6,Willow Ave & Elm St,PM,2,160,41
2016,6,Willow Ave & Elm St,PM,3,240,162
2016,6,Willow Ave & Elm St,PM,4,62,85
2016,7,Community Path & Grove St,PM,1,,
2016,7,Community Path & Grove St,PM,2,,
2016,7,Community Path & Grove St,PM,3,,
2016,7,Community Path & Grove St,PM,4,,
2016,8,Community Path & Cedar St,PM,1,,
2016,8,Community Path & Cedar St,PM,2,,
2016,8,Community Path & Cedar St,PM,3,,
2016,8,Community Path & Cedar St,PM,4,,
2016,9,Community Path & Buena Vista Rd,PM,1,,
2016,9,Community Path & Buena Vista Rd,PM,2,,
2016,9,Community Path & Buena Vista Rd,PM,3,,
2016,9,Community Path & Buena Vista Rd,PM,4,,
2016,10,College Ave & Powder House Circle,PM,1,15,75
2016,10,College Ave & Powder House Circle,PM,2,14,61
2016,10,College Ave & Powder House Circle,PM,3,19,81
2016,10,College Ave & Powder House Circle,PM,4,3,66
2016,11,Holland St & Cameron Ave,PM,1,28,56
2016,11,Holland St & Cameron Ave,PM,2,43,44
2016,11,Holland St & Cameron Ave,PM,3,56,200
2016,11,Holland St & Cameron Ave,PM,4,99,426
2016,12,Broadway & McGrath Hwy,PM,1,4,12
2016,12,Broadway & McGrath Hwy,PM,2,5,16
2016,12,Broadway & McGrath Hwy,PM,3,7,39
2016,12,Broadway & McGrath Hwy,PM,4,21,73
2016,13,Somerville Ave & Beacon St,PM,1,,
2016,13,Somerville Ave & Beacon St,PM,2,,
2016,13,Somerville Ave & Beacon St,PM,3,,
2016,13,Somerville Ave & Beacon St,PM,4,,
2016,14,Concord Ave & Beacon St,PM,1,3,22
2016,14,Concord Ave & Beacon St,PM,2,8,32
2016,14,Concord Ave & Beacon St,PM,3,171,120
2016,14,Concord Ave & Beacon St,PM,4,23,44
2016,15,Washington St & Beacon St,PM,1,162,91
2016,15,Washington St & Beacon St,PM,2,35,33
2016,15,Washington St & Beacon St,PM,3,62,158
2016,15,Washington St & Beacon St,PM,4,32,86
2016,16,College Ave & Winter St,PM,1,20,306
2016,16,College Ave & Winter St,PM,2,23,153
2016,16,College Ave & Winter St,PM,3,2,21
2016,16,College Ave & Winter St,PM,4,4,16
2016,17,Community Path & Willow Ave,PM,1,4,26
2016,17,Community Path & Willow Ave,PM,2,68,48
2016,17,Community Path & Willow Ave,PM,3,44,114
2016,17,Community Path & Willow Ave,PM,4,14,76
2016,18,Cedar St & Summer St,PM,1,4,104
2016,18,Cedar St & Summer St,PM,2,13,18
2016,18,Cedar St & Summer St,PM,3,7,68
2016,18,Cedar St & Summer St,PM,4,11,24
2016,19,Washington St & Inner Belt Rd,PM,1,1,18
2016,19,Washington St & Inner Belt Rd,PM,2,7,16
2016,19,Washington St & Inner Belt Rd,PM,3,19,45
2016,19,Washington St & Inner Belt Rd,PM,4,26,51
2016,20,Highland Ave & Walnut St,PM,1,8,61
2016,20,Highland Ave & Walnut St,PM,2,11,54
2016,20,Highland Ave & Walnut St,PM,3,1,28
2016,20,Highland Ave & Walnut St,PM,4,24,43
2016,21,Rt. 28 Bridge & Shore Dr,PM,1,18,18
2016,21,Rt. 28 Bridge & Shore Dr,PM,2,6,14
2016,21,Rt. 28 Bridge & Shore Dr,PM,3,16,37
2016,21,Rt. 28 Bridge & Shore Dr,PM,4,15,30
2016,22,Powder House Blvd & North St,PM,1,3,29
2016,22,Powder House Blvd & North St,PM,2,2,39
2016,22,Powder House Blvd & North St,PM,3,11,50
2016,22,Powder House Blvd & North St,PM,4,18,49
2016,23,Medford St & South St,PM,1,12,15
2016,23,Medford St & South St,PM,2,3,5
2016,23,Medford St & South St,PM,3,22,39
2016,23,Medford St & South St,PM,4,129,100
2016,24,Joy St & Washington St,PM,1,38,58
2016,24,Joy St & Washington St,PM,2,58,83
2016,24,Joy St & Washington St,PM,3,1,7
2016,24,Joy St & Washington St,PM,4,3,5
2016,25,Highland Ave & Lowell St,PM,1,2,32
2016,25,Highland Ave & Lowell St,PM,2,9,67
2016,25,Highland Ave & Lowell St,PM,3,29,64
2016,25,Highland Ave & Lowell St,PM,4,14,65
2016,26,Broadway & Lombardi Way,PM,1,7,17
2016,26,Broadway & Lombardi Way,PM,2,7,10
2016,26,Broadway & Lombardi Way,PM,3,3,101
2016,26,Broadway & Lombardi Way,PM,4,8,243
2016,27,Broadway & Boston Ave,PM,1,20,78
2016,27,Broadway & Boston Ave,PM,2,8,34
2016,27,Broadway & Boston Ave,PM,3,6,12
2016,27,Broadway & Boston Ave,PM,4,12,12
2016,28,Broadway & Holland St,PM,1,36,52
2016,28,Broadway & Holland St,PM,2,84,168
2016,28,Broadway & Holland St,PM,3,12,40
2016,28,Broadway & Holland St,PM,4,8,56
2016,29,Broadway & Alewife Brook Pkwy,PM,1,12,12
2016,29,Broadway & Alewife Brook Pkwy,PM,2,10,11
2016,29,Broadway & Alewife Brook Pkwy,PM,3,5,26
2016,29,Broadway & Alewife Brook Pkwy,PM,4,14,42
2016,30,Dane St & Somerville Ave,PM,1,33,38
2016,30,Dane St & Somerville Ave,PM,2,159,66
2016,30,Dane St & Somerville Ave,PM,3,70,33
2016,30,Dane St & Somerville Ave,PM,4,22,21
2016,31,Foley St & Middlesex Ave,PM,1,2,21
2016,31,Foley St & Middlesex Ave,PM,2,1,35
2016,31,Foley St & Middlesex Ave,PM,3,2,90
2016,31,Foley St & Middlesex Ave,PM,4,1,35
2016,32,Summer St & School St,PM,1,6,32
2016,32,Summer St & School St,PM,2,14,22
2016,32,Summer St & School St,PM,3,21,26
2016,32,Summer St & School St,PM,4,4,2
2016,33,Temple St & Broadway,PM,1,8,108
2016,33,Temple St & Broadway,PM,2,12,144
2016,33,Temple St & Broadway,PM,3,8,56
2016,33,Temple St & Broadway,PM,4,8,78
2016,34,Cross St & Pearl St,PM,1,8,72
2016,34,Cross St & Pearl St,PM,2,8,53
2016,34,Cross St & Pearl St,PM,3,7,48
2016,34,Cross St & Pearl St,PM,4,3,31
2016,35,Mossland St & Somerville Ave,PM,1,26,38
2016,35,Mossland St & Somerville Ave,PM,2,20,80
2016,35,Mossland St & Somerville Ave,PM,3,229,186
2016,35,Mossland St & Somerville Ave,PM,4,91,278
2016,36,Boston Ave & Alewife Brook Pkwy,PM,1,8,26
2016,36,Boston Ave & Alewife Brook Pkwy,PM,2,9,17
2016,36,Boston Ave & Alewife Brook Pkwy,PM,3,14,23
2016,36,Boston Ave & Alewife Brook Pkwy,PM,4,4,37
2016,37,Community Path and Lowell St,PM,1,4,24
2016,37,Community Path and Lowell St,PM,2,10,22
2016,37,Community Path and Lowell St,PM,3,12,28
2016,37,Community Path and Lowell St,PM,4,18,56
2016,38,Park St and Somerville Ave,PM,1,227,70
2016,38,Park St and Somerville Ave,PM,2,77,95
2016,38,Park St and Somerville Ave,PM,3,28,29
2016,38,Park St and Somerville Ave,PM,4,108,32
2016,39,Somerville Ave and Medford St,PM,1,44,21
2016,39,Somerville Ave and Medford St,PM,2,10,18
2016,39,Somerville Ave and Medford St,PM,3,10,29
2016,39,Somerville Ave and Medford St,PM,4,78,42
